-- phpMyAdmin SQL Dump
-- version 3.2.0.1
-- http://www.phpmyadmin.net
--
-- Host: localhost
-- Generato il: 10 giu, 2010 at 03:41 PM
-- Versione MySQL: 5.1.36
-- Versione PHP: 5.3.0

SET SQL_MODE="NO_AUTO_VALUE_ON_ZERO";

--
-- Database: `gecomp`
--

-- --------------------------------------------------------

--
-- Struttura della tabella `atleta`
--

CREATE TABLE IF NOT EXISTS `atleta` (
  `ID_ATLETA` int(11) unsigned NOT NULL AUTO_INCREMENT,
  `COGNOME` varchar(255) NOT NULL,
  `NOME` varchar(255) NOT NULL,
  `SESSO` varchar(1) NOT NULL,
  `ANNO_NASCITA` varchar(4) NOT NULL,
  `SOCIETA_APPARTENENZA` int(11) unsigned NOT NULL,
  PRIMARY KEY (`ID_ATLETA`),
  UNIQUE KEY `ID_ATLETA` (`ID_ATLETA`),
  KEY `ID_ATLETA_2` (`ID_ATLETA`)
) ENGINE=MyISAM  DEFAULT CHARSET=latin1 AUTO_INCREMENT=104 ;

--
-- Dump dei dati per la tabella `atleta`
--

INSERT INTO `atleta` (`ID_ATLETA`, `COGNOME`, `NOME`, `SESSO`, `ANNO_NASCITA`, `SOCIETA_APPARTENENZA`) VALUES
(1, 'Belli', 'Sergio', 'M', '1981', 2),
(2, 'Viano', 'Valeria', 'F', '1977', 2),
(3, 'Belli', 'Danilo', 'M', '1951', 2),
(4, 'Zonca', 'Ermes', 'M', '1990', 2),
(5, 'Quazzola', 'Italo', 'M', '1994', 2),
(6, 'Sergio', 'Prolo', 'M', '1939', 3),
(7, 'Mussi', 'Josef', 'M', '1990', 3),
(8, 'Imbrosci', 'Vincenzo', 'M', '1947', 3),
(9, 'Schepis', 'Maurizio', 'M', '1977', 3),
(10, 'Chiara', 'Carlo', 'M', '1950', 3),
(11, 'Munerato', 'Claudio', 'M', '1973', 4),
(12, 'ATLETA_11', 'ATLETA_11', 'M', '1916', 4),
(13, 'ATLETA_12', 'ATLETA_12', 'M', '1944', 4),
(14, 'ATLETA_13', 'ATLETA_13', 'M', '1934', 4),
(15, 'ATLETA_14', 'ATLETA_14', 'M', '1981', 4),
(16, 'Accatino', 'Alberto', 'M', '1941', 5),
(17, 'Dalla Mora', 'Davide', 'M', '1971', 5),
(18, 'Vercellino', 'Paolo', 'M', '1990', 5),
(19, 'ATLETA_18', 'ATLETA_18', 'M', '1916', 5),
(20, 'ATLETA_19', 'ATLETA_19', 'M', '1933', 5),
(21, 'Deganello', 'Luca', 'M', '1961', 6),
(22, 'ATLETA_21', 'ATLETA_21', 'M', '1977', 6),
(23, 'ATLETA_22', 'ATLETA_22', 'M', '1977', 6),
(24, 'ATLETA_23', 'ATLETA_23', 'M', '1922', 6),
(25, 'ATLETA_24', 'ATLETA_24', 'M', '1916', 6),
(26, 'ATLETA_25', 'ATLETA_25', 'M', '1980', 7),
(27, 'ATLETA_26', 'ATLETA_26', 'M', '1939', 7),
(28, 'ATLETA_27', 'ATLETA_27', 'F', '1964', 7),
(29, 'ATLETA_28', 'ATLETA_28', 'M', '1978', 7),
(30, 'ATLETA_29', 'ATLETA_29', 'M', '1960', 7),
(31, 'Raimondi', 'Matteo', 'M', '1986', 8),
(32, 'Boneschi', 'Paolo', 'M', '1981', 8),
(33, 'Saltarelli', 'Livio', 'M', '1984', 8),
(34, 'ATLETA_33', 'ATLETA_33', 'M', '1993', 8),
(35, 'ATLETA_34', 'ATLETA_34', 'M', '1925', 8),
(36, 'ATLETA_35', 'ATLETA_35', 'M', '1997', 9),
(37, 'ATLETA_36', 'ATLETA_36', 'M', '1985', 9),
(38, 'ATLETA_37', 'ATLETA_37', 'M', '1993', 9),
(39, 'ATLETA_38', 'ATLETA_38', 'M', '1928', 9),
(40, 'ATLETA_39', 'ATLETA_39', 'M', '1960', 9),
(41, 'Crisci', 'Policarpo', 'M', '1975', 10),
(42, 'ATLETA_41', 'ATLETA_41', 'M', '1932', 10),
(43, 'ATLETA_42', 'ATLETA_42', 'M', '1959', 10),
(44, 'ATLETA_43', 'ATLETA_43', 'M', '1988', 10),
(45, 'ATLETA_44', 'ATLETA_44', 'M', '1916', 10),
(46, 'Demiliani', 'Stefano', 'M', '1974', 11),
(47, 'ATLETA_46', 'ATLETA_46', 'M', '1970', 11),
(48, 'ATLETA_47', 'ATLETA_47', 'M', '1960', 11),
(49, 'ATLETA_48', 'ATLETA_48', 'M', '1945', 11),
(50, 'ATLETA_49', 'ATLETA_49', 'M', '1956', 11),
(51, 'Finesso', 'Paolo', 'M', '1917', 12),
(52, 'Guglielmetti', 'Francesco', 'M', '1984', 12),
(53, 'ATLETA_52', 'ATLETA_52', 'M', '1955', 12),
(54, 'ATLETA_53', 'ATLETA_53', 'M', '1957', 12),
(55, 'ATLETA_54', 'ATLETA_54', 'M', '1962', 12),
(56, 'ATLETA_55', 'ATLETA_55', 'M', '1963', 13),
(57, 'ATLETA_56', 'ATLETA_56', 'M', '1988', 13),
(58, 'ATLETA_57', 'ATLETA_57', 'M', '1964', 13),
(59, 'ATLETA_58', 'ATLETA_58', 'M', '1965', 13),
(60, 'ATLETA_59', 'ATLETA_59', 'M', '1920', 13),
(61, 'ATLETA_60', 'ATLETA_60', 'M', '1957', 14),
(62, 'ATLETA_61', 'ATLETA_61', 'M', '1943', 14),
(63, 'ATLETA_62', 'ATLETA_62', 'M', '1936', 14),
(64, 'ATLETA_63', 'ATLETA_63', 'M', '1955', 14),
(65, 'Mersi', 'Enzo', 'M', '1982', 14),
(66, 'ATLETA_65', 'ATLETA_65', 'M', '1982', 15),
(67, 'ATLETA_66', 'ATLETA_66', 'M', '1974', 15),
(68, 'ATLETA_67', 'ATLETA_67', 'M', '1983', 15),
(69, 'ATLETA_68', 'ATLETA_68', 'M', '1938', 15),
(70, 'ATLETA_69', 'ATLETA_69', 'M', '1930', 15),
(71, 'Torello Viera', 'Carlo', 'M', '1977', 16),
(72, 'Ronzani', 'Tiziano', 'M', '1960', 16),
(73, 'ATLETA_72', 'ATLETA_72', 'M', '1930', 16),
(74, 'ATLETA_73', 'ATLETA_73', 'M', '1925', 16),
(75, 'ATLETA_74', 'ATLETA_74', 'M', '1982', 16),
(76, 'ATLETA_75', 'ATLETA_75', 'M', '1924', 17),
(77, 'ATLETA_76', 'ATLETA_76', 'M', '1992', 17),
(78, 'ATLETA_77', 'ATLETA_77', 'M', '1917', 17),
(79, 'ATLETA_78', 'ATLETA_78', 'M', '1919', 17),
(80, 'ATLETA_79', 'ATLETA_79', 'M', '1969', 17),
(81, 'ATLETA_80', 'ATLETA_80', 'M', '1917', 18),
(82, 'ATLETA_81', 'ATLETA_81', 'M', '1968', 18),
(83, 'ATLETA_82', 'ATLETA_82', 'M', '1971', 18),
(84, 'ATLETA_83', 'ATLETA_83', 'M', '1968', 18),
(85, 'ATLETA_84', 'ATLETA_84', 'M', '1991', 18),
(86, 'ATLETA_85', 'ATLETA_85', 'M', '1995', 19),
(87, 'ATLETA_86', 'ATLETA_86', 'M', '1967', 19),
(88, 'ATLETA_87', 'ATLETA_87', 'M', '1985', 19),
(89, 'ATLETA_88', 'ATLETA_88', 'M', '1928', 19),
(90, 'ATLETA_89', 'ATLETA_89', 'M', '1981', 19),
(91, 'ATLETA_90', 'ATLETA_90', 'M', '1930', 20),
(92, 'ATLETA_91', 'ATLETA_91', 'M', '1949', 20),
(93, 'ATLETA_92', 'ATLETA_92', 'F', '1963', 20),
(94, 'ATLETA_93', 'ATLETA_93', 'M', '1927', 20),
(95, 'ATLETA_94', 'ATLETA_94', 'M', '1949', 20),
(96, 'Piana', 'Rolando', 'M', '1982', 21),
(97, 'ATLETA_96', 'ATLETA_96', 'M', '1975', 21),
(98, 'ATLETA_97', 'ATLETA_97', 'M', '1972', 21),
(99, 'ATLETA_98', 'ATLETA_98', 'M', '1914', 21),
(100, 'ATLETA_99', 'ATLETA_99', 'M', '1959', 21),
(101, 'Zucco', 'Adriano', 'M', '1970', 7);

-- --------------------------------------------------------

--
-- Struttura della tabella `categoria`
--

CREATE TABLE IF NOT EXISTS `categoria` (
  `ID_CATEGORIA` int(11) unsigned NOT NULL AUTO_INCREMENT,
  `NOME_CATEGORIA` varchar(255) NOT NULL,
  `SESSO` varchar(1) NOT NULL,
  `ANNO_PARTENZA` varchar(4) NOT NULL,
  `ANNO_FINE` varchar(4) NOT NULL,
  PRIMARY KEY (`ID_CATEGORIA`),
  UNIQUE KEY `ID_CATEGORIA` (`ID_CATEGORIA`),
  KEY `ID_CATEGORIA_2` (`ID_CATEGORIA`)
) ENGINE=MyISAM  DEFAULT CHARSET=latin1 AUTO_INCREMENT=11 ;

--
-- Dump dei dati per la tabella `categoria`
--

INSERT INTO `categoria` (`ID_CATEGORIA`, `NOME_CATEGORIA`, `SESSO`, `ANNO_PARTENZA`, `ANNO_FINE`) VALUES
(1, 'JPSM', 'M', '1976', '1992'),
(2, 'JPSF', 'F', '1976', '1992'),
(3, 'MM35', 'M', '1971', '1975'),
(4, 'MF35', 'F', '1971', '1975'),
(5, 'MM40', 'M', '1966', '1970'),
(6, 'MF40', 'F', '1966', '1970'),
(7, 'MM45', 'M', '1961', '1965'),
(8, 'MF45', 'F', '1961', '1965'),
(9, 'MM50', 'M', '1955', '1960'),
(10, 'MF50', 'F', '1955', '1960');

-- --------------------------------------------------------

--
-- Struttura della tabella `categoria_competizione`
--

CREATE TABLE IF NOT EXISTS `categoria_competizione` (
  `ID_CATEGORIA_COMPETIZIONE` int(11) unsigned NOT NULL AUTO_INCREMENT,
  `CATEGORIA` int(11) unsigned NOT NULL,
  `COMPETIZIONE` int(11) unsigned NOT NULL,
  PRIMARY KEY (`ID_CATEGORIA_COMPETIZIONE`),
  UNIQUE KEY `ID_CATEGORIA_COMPETIZIONE` (`ID_CATEGORIA_COMPETIZIONE`),
  KEY `ID_CATEGORIA_COMPETIZIONE_2` (`ID_CATEGORIA_COMPETIZIONE`)
) ENGINE=MyISAM DEFAULT CHARSET=latin1 AUTO_INCREMENT=1 ;

--
-- Dump dei dati per la tabella `categoria_competizione`
--


-- --------------------------------------------------------

--
-- Struttura della tabella `categoria_gara`
--

CREATE TABLE IF NOT EXISTS `categoria_gara` (
  `ID_CATEGORIA_GARA` int(11) unsigned NOT NULL AUTO_INCREMENT,
  `CATEGORIA` int(11) unsigned NOT NULL,
  `GARA` int(11) unsigned NOT NULL,
  PRIMARY KEY (`ID_CATEGORIA_GARA`),
  UNIQUE KEY `ID_CATEGORIA_GARA` (`ID_CATEGORIA_GARA`),
  KEY `ID_CATEGORIA_GARA_2` (`ID_CATEGORIA_GARA`)
) ENGINE=MyISAM  DEFAULT CHARSET=latin1 AUTO_INCREMENT=256 ;

--
-- Dump dei dati per la tabella `categoria_gara`
--

INSERT INTO `categoria_gara` (`ID_CATEGORIA_GARA`, `CATEGORIA`, `GARA`) VALUES
(1, 1, 1),
(2, 2, 1),
(3, 3, 1),
(4, 4, 1),
(5, 5, 1),
(6, 6, 1),
(7, 7, 1),
(8, 8, 1),
(9, 9, 1),
(10, 1, 2),
(11, 2, 2),
(12, 3, 2),
(13, 4, 2),
(14, 5, 2),
(15, 6, 2),
(16, 7, 2),
(17, 8, 2),
(18, 9, 2),
(19, 1, 3),
(20, 2, 3),
(21, 3, 3),
(22, 4, 3),
(23, 5, 3),
(24, 6, 3),
(25, 7, 3),
(26, 8, 3),
(27, 9, 3),
(28, 1, 4),
(29, 2, 4),
(30, 3, 4),
(31, 4, 4),
(32, 5, 4),
(33, 6, 4),
(34, 7, 4),
(35, 8, 4),
(36, 9, 4),
(37, 1, 5),
(38, 2, 5),
(39, 3, 5),
(40, 4, 5),
(41, 5, 5),
(42, 6, 5),
(43, 7, 5),
(44, 8, 5),
(45, 9, 5),
(46, 1, 6),
(47, 2, 6),
(48, 3, 6),
(49, 4, 6),
(50, 5, 6),
(51, 6, 6),
(52, 7, 6),
(53, 8, 6),
(54, 9, 6),
(55, 1, 7),
(56, 2, 7),
(57, 3, 7),
(58, 4, 7),
(59, 5, 7),
(60, 6, 7),
(61, 7, 7),
(62, 8, 7),
(63, 9, 7),
(64, 1, 8),
(65, 2, 8),
(66, 3, 8),
(67, 4, 8),
(68, 5, 8),
(69, 6, 8),
(70, 7, 8),
(71, 8, 8),
(72, 9, 8),
(73, 1, 9),
(74, 2, 9),
(75, 3, 9),
(76, 4, 9),
(77, 5, 9),
(78, 6, 9),
(79, 7, 9),
(80, 8, 9),
(81, 9, 9),
(82, 1, 10),
(83, 2, 10),
(84, 3, 10),
(85, 4, 10),
(86, 5, 10),
(87, 6, 10),
(88, 7, 10),
(89, 8, 10),
(90, 9, 10),
(91, 1, 11),
(92, 2, 11),
(93, 3, 11),
(94, 4, 11),
(95, 5, 11),
(96, 6, 11),
(97, 7, 11),
(98, 8, 11),
(99, 9, 11),
(100, 1, 12),
(101, 2, 12),
(102, 3, 12),
(103, 4, 12),
(104, 5, 12),
(105, 6, 12),
(106, 7, 12),
(107, 8, 12),
(108, 9, 12),
(109, 1, 13),
(110, 2, 13),
(111, 3, 13),
(112, 4, 13),
(113, 5, 13),
(114, 6, 13),
(115, 7, 13),
(116, 8, 13),
(117, 9, 13),
(118, 1, 14),
(119, 2, 14),
(120, 3, 14),
(121, 4, 14),
(122, 5, 14),
(123, 6, 14),
(124, 7, 14),
(125, 8, 14),
(126, 9, 14),
(127, 1, 15),
(128, 2, 15),
(129, 3, 15),
(130, 4, 15),
(131, 5, 15),
(132, 6, 15),
(133, 7, 15),
(134, 8, 15),
(135, 9, 15),
(136, 1, 16),
(137, 2, 16),
(138, 3, 16),
(139, 4, 16),
(140, 5, 16),
(141, 6, 16),
(142, 7, 16),
(143, 8, 16),
(144, 9, 16),
(145, 1, 17),
(146, 2, 17),
(147, 3, 17),
(148, 4, 17),
(149, 5, 17),
(150, 6, 17),
(151, 7, 17),
(152, 8, 17),
(153, 9, 17),
(154, 1, 18),
(155, 2, 18),
(156, 3, 18),
(157, 4, 18),
(158, 5, 18),
(159, 6, 18),
(160, 7, 18),
(161, 8, 18),
(162, 9, 18),
(163, 1, 19),
(164, 2, 19),
(165, 3, 19),
(166, 4, 19),
(167, 5, 19),
(168, 6, 19),
(169, 7, 19),
(170, 8, 19),
(171, 9, 19),
(172, 1, 20),
(173, 2, 20),
(174, 3, 20),
(175, 4, 20),
(176, 5, 20),
(177, 6, 20),
(178, 7, 20),
(179, 8, 20),
(180, 9, 20),
(181, 1, 21),
(182, 2, 21),
(183, 3, 21),
(184, 4, 21),
(185, 5, 21),
(186, 6, 21),
(187, 7, 21),
(188, 8, 21),
(189, 9, 21),
(190, 1, 22),
(191, 2, 22),
(192, 3, 22),
(193, 4, 22),
(194, 5, 22),
(195, 6, 22),
(196, 7, 22),
(197, 8, 22),
(198, 9, 22),
(199, 1, 23),
(200, 2, 23),
(201, 3, 23),
(202, 4, 23),
(203, 5, 23),
(204, 6, 23),
(205, 7, 23),
(206, 8, 23),
(207, 9, 23),
(208, 1, 24),
(209, 2, 24),
(210, 3, 24),
(211, 4, 24),
(212, 5, 24),
(213, 6, 24),
(214, 7, 24),
(215, 8, 24),
(216, 9, 24),
(217, 1, 25),
(218, 2, 25),
(219, 3, 25),
(220, 4, 25),
(221, 5, 25),
(222, 6, 25),
(223, 7, 25),
(224, 8, 25),
(225, 9, 25),
(226, 1, 44),
(227, 2, 44),
(228, 3, 44),
(229, 4, 44),
(230, 5, 44),
(231, 6, 44),
(232, 7, 44),
(233, 8, 44),
(234, 9, 44),
(235, 10, 44),
(236, 1, 45),
(237, 2, 45),
(238, 3, 45),
(239, 4, 45),
(240, 5, 45),
(241, 6, 45),
(242, 7, 45),
(243, 8, 45),
(244, 9, 45),
(245, 10, 45),
(246, 1, 46),
(247, 2, 46),
(248, 3, 46),
(249, 4, 46),
(250, 5, 46),
(251, 6, 46),
(252, 7, 46),
(253, 8, 46),
(254, 9, 46),
(255, 10, 46);

-- --------------------------------------------------------

--
-- Struttura della tabella `categoria_gara_assoluta`
--

CREATE TABLE IF NOT EXISTS `categoria_gara_assoluta` (
  `ID_CATEGORIA_GARA_ASSOLUTA` int(11) unsigned NOT NULL AUTO_INCREMENT,
  `ID_CATEGORIA_GARA` int(11) unsigned NOT NULL,
  `NUMERO_POSIZIONI` int(11) unsigned NOT NULL,
  PRIMARY KEY (`ID_CATEGORIA_GARA_ASSOLUTA`),
  UNIQUE KEY `ID_CATEGORIA_GARA_ASSOLUTA` (`ID_CATEGORIA_GARA_ASSOLUTA`),
  KEY `ID_CATEGORIA_GARA_ASSOLUTA_2` (`ID_CATEGORIA_GARA_ASSOLUTA`)
) ENGINE=MyISAM  DEFAULT CHARSET=latin1 AUTO_INCREMENT=226 ;

--
-- Dump dei dati per la tabella `categoria_gara_assoluta`
--


-- --------------------------------------------------------

--
-- Struttura della tabella `competizione`
--

CREATE TABLE IF NOT EXISTS `competizione` (
  `ID_COMPETIZIONE` int(10) unsigned NOT NULL AUTO_INCREMENT,
  `DATA_INIZIO` date NOT NULL,
  `DATA_FINE` date NOT NULL,
  `NOME` varchar(255) NOT NULL,
  `DESCRIZIONE` text,
  `SOCIETA_ORGANIZZATRICE` int(11) unsigned NOT NULL,
  PRIMARY KEY (`ID_COMPETIZIONE`)
) ENGINE=MyISAM  DEFAULT CHARSET=latin1 AUTO_INCREMENT=7 ;

--
-- Dump dei dati per la tabella `competizione`
--

INSERT INTO `competizione` (`ID_COMPETIZIONE`, `DATA_INIZIO`, `DATA_FINE`, `NOME`, `DESCRIZIONE`, `SOCIETA_ORGANIZZATRICE`) VALUES
(1, '2010-06-04', '2010-06-04', 'Grand Prix BI-VC 2010', 'Grand Prix BI-VC 2010', 5),
(2, '2010-06-04', '2010-06-04', 'Campionato Valsesiano 2010', 'Campionato Valsesiano 2010', 2),
(3, '2010-06-04', '2010-06-04', 'Gamba d''Oro 2010', 'Gamba d''Oro 2010', 18),
(4, '2010-06-04', '2010-06-04', 'Martz a pia 2010', 'Martz a pia 2010', 15),
(5, '2010-06-04', '2010-06-04', 'Piede d''Oro 2010', 'Piede d''Oro 2010', 11),
(6, '2010-06-10', '2010-09-30', 'Prova Competizione 2010 A', 'Prova Competizione 2010 A', 2);

-- --------------------------------------------------------

--
-- Struttura della tabella `gara`
--

CREATE TABLE IF NOT EXISTS `gara` (
  `ID_GARA` int(11) unsigned NOT NULL AUTO_INCREMENT,
  `COMPETIZIONE` int(11) unsigned NOT NULL,
  `NOME` varchar(255) NOT NULL,
  `DESCRIZIONE` varchar(255) NOT NULL,
  `DATA` date NOT NULL,
  `DISTANZA` float unsigned NOT NULL,
  `TIPO_MISURA` int(11) NOT NULL,
  PRIMARY KEY (`ID_GARA`)
) ENGINE=MyISAM  DEFAULT CHARSET=latin1 AUTO_INCREMENT=47 ;

--
-- Dump dei dati per la tabella `gara`
--

INSERT INTO `gara` (`ID_GARA`, `COMPETIZIONE`, `NOME`, `DESCRIZIONE`, `DATA`, `DISTANZA`, `TIPO_MISURA`) VALUES
(1, 1, 'Borgosesia 2010', 'Gara_0', '2010-06-04', 10, 1),
(2, 1, 'StraCossato 2010', 'Gara_1', '2010-06-04', 10, 0),
(3, 1, 'StraBiella 2010', 'Gara_2', '2010-06-04', 10, 0),
(4, 1, 'Candelo 2010', 'Gara_3', '2010-06-04', 10, 0),
(5, 1, 'Sordevolo 2010', 'Gara_4', '2010-06-04', 10, 0),
(6, 2, 'Morca-Round 2010', 'Morca-Round 2010', '2010-06-04', 10, 0),
(7, 2, 'Varallo-Res 2010', 'Varallo-Res 2010', '2010-06-04', 10, 0),
(8, 2, 'Sabbia-Salaro 2010', 'Sabbia-Salaro 2010', '2010-06-04', 10, 0),
(9, 2, 'Carcoforo 2010', 'Carcoforo 2010', '2010-06-04', 10, 0),
(10, 2, 'Varallo-Rimella 2010', 'Varallo-Rimella 2010', '2010-06-04', 10, 0),
(11, 3, 'Gara_0', 'Gara_0', '2010-06-04', 10, 0),
(12, 3, 'Gara_1', 'Gara_1', '2010-06-04', 10, 0),
(13, 3, 'Gara_2', 'Gara_2', '2010-06-04', 10, 0),
(14, 3, 'Gara_3', 'Gara_3', '2010-06-04', 10, 0),
(15, 3, 'Gara_4', 'Gara_4', '2010-06-04', 10, 0),
(16, 4, 'Gara_0', 'Gara_0', '2010-06-04', 10, 0),
(17, 4, 'Gara_1', 'Gara_1', '2010-06-04', 10, 0),
(18, 4, 'Gara_2', 'Gara_2', '2010-06-04', 10, 0),
(19, 4, 'Gara_3', 'Gara_3', '2010-06-04', 10, 0),
(20, 4, 'Gara_4', 'Gara_4', '2010-06-04', 10, 0),
(21, 5, 'Gara_0', 'Gara_0', '2010-06-04', 10, 0),
(22, 5, 'Gara_1', 'Gara_1', '2010-06-04', 10, 0),
(23, 5, 'Gara_2', 'Gara_2', '2010-06-04', 10, 0),
(24, 5, 'Gara_3', 'Gara_3', '2010-06-04', 10, 0),
(25, 5, 'Gara_4', 'Gara_4', '2010-06-04', 10, 0),
(46, 1, 'ada', 'afafsadf', '2010-06-10', 456, 1);

-- --------------------------------------------------------

--
-- Struttura della tabella `iscrizione`
--

CREATE TABLE IF NOT EXISTS `iscrizione` (
  `ID_ISCRIZIONE` int(11) unsigned NOT NULL AUTO_INCREMENT,
  `GARA` int(11) NOT NULL,
  `ATLETA` int(11) NOT NULL,
  `NUMERO_PETTORALE` int(11) DEFAULT NULL,
  PRIMARY KEY (`ID_ISCRIZIONE`,`GARA`,`ATLETA`)
) ENGINE=MyISAM  DEFAULT CHARSET=latin1 AUTO_INCREMENT=2504 ;

--
-- Dump dei dati per la tabella `iscrizione`
--

INSERT INTO `iscrizione` (`ID_ISCRIZIONE`, `GARA`, `ATLETA`, `NUMERO_PETTORALE`) VALUES
(1, 1, 1, NULL),
(2, 2, 1, NULL),
(3, 3, 1, NULL),
(4, 4, 1, NULL),
(5, 5, 1, NULL),
(6, 6, 1, NULL),
(7, 7, 1, NULL),
(8, 8, 1, NULL),
(9, 9, 1, NULL),
(10, 10, 1, NULL),
(11, 11, 1, NULL),
(12, 12, 1, NULL),
(13, 13, 1, NULL),
(14, 14, 1, NULL),
(15, 15, 1, NULL),
(16, 16, 1, NULL),
(17, 17, 1, NULL),
(18, 18, 1, NULL),
(19, 19, 1, NULL),
(20, 20, 1, NULL),
(21, 21, 1, NULL),
(22, 22, 1, NULL),
(23, 23, 1, NULL),
(24, 24, 1, NULL),
(25, 25, 1, NULL),
(26, 1, 2, NULL),
(27, 2, 2, NULL),
(28, 3, 2, NULL),
(29, 4, 2, NULL),
(30, 5, 2, NULL),
(31, 6, 2, NULL),
(32, 7, 2, NULL),
(33, 8, 2, NULL),
(34, 9, 2, NULL),
(35, 10, 2, NULL),
(36, 11, 2, NULL),
(37, 12, 2, NULL),
(38, 13, 2, NULL),
(39, 14, 2, NULL),
(40, 15, 2, NULL),
(41, 16, 2, NULL),
(42, 17, 2, NULL),
(43, 18, 2, NULL),
(44, 19, 2, NULL),
(45, 20, 2, NULL),
(46, 21, 2, NULL),
(47, 22, 2, NULL),
(48, 23, 2, NULL),
(49, 24, 2, NULL),
(50, 25, 2, NULL),
(51, 1, 3, NULL),
(52, 2, 3, NULL),
(53, 3, 3, NULL),
(54, 4, 3, NULL),
(55, 5, 3, NULL),
(56, 6, 3, NULL),
(57, 7, 3, NULL),
(58, 8, 3, NULL),
(59, 9, 3, NULL),
(60, 10, 3, NULL),
(61, 11, 3, NULL),
(62, 12, 3, NULL),
(63, 13, 3, NULL),
(64, 14, 3, NULL),
(65, 15, 3, NULL),
(66, 16, 3, NULL),
(67, 17, 3, NULL),
(68, 18, 3, NULL),
(69, 19, 3, NULL),
(70, 20, 3, NULL),
(71, 21, 3, NULL),
(72, 22, 3, NULL),
(73, 23, 3, NULL),
(74, 24, 3, NULL),
(75, 25, 3, NULL),
(76, 1, 4, NULL),
(77, 2, 4, NULL),
(78, 3, 4, NULL),
(79, 4, 4, NULL),
(80, 5, 4, NULL),
(81, 6, 4, NULL),
(82, 7, 4, NULL),
(83, 8, 4, NULL),
(84, 9, 4, NULL),
(85, 10, 4, NULL),
(86, 11, 4, NULL),
(87, 12, 4, NULL),
(88, 13, 4, NULL),
(89, 14, 4, NULL),
(90, 15, 4, NULL),
(91, 16, 4, NULL),
(92, 17, 4, NULL),
(93, 18, 4, NULL),
(94, 19, 4, NULL),
(95, 20, 4, NULL),
(96, 21, 4, NULL),
(97, 22, 4, NULL),
(98, 23, 4, NULL),
(99, 24, 4, NULL),
(100, 25, 4, NULL),
(101, 1, 5, NULL),
(102, 2, 5, NULL),
(103, 3, 5, NULL),
(104, 4, 5, NULL),
(105, 5, 5, NULL),
(106, 6, 5, NULL),
(107, 7, 5, NULL),
(108, 8, 5, NULL),
(109, 9, 5, NULL),
(110, 10, 5, NULL),
(111, 11, 5, NULL),
(112, 12, 5, NULL),
(113, 13, 5, NULL),
(114, 14, 5, NULL),
(115, 15, 5, NULL),
(116, 16, 5, NULL),
(117, 17, 5, NULL),
(118, 18, 5, NULL),
(119, 19, 5, NULL),
(120, 20, 5, NULL),
(121, 21, 5, NULL),
(122, 22, 5, NULL),
(123, 23, 5, NULL),
(124, 24, 5, NULL),
(125, 25, 5, NULL),
(126, 1, 6, NULL),
(127, 2, 6, NULL),
(128, 3, 6, NULL),
(129, 4, 6, NULL),
(130, 5, 6, NULL),
(131, 6, 6, NULL),
(132, 7, 6, NULL),
(133, 8, 6, NULL),
(134, 9, 6, NULL),
(135, 10, 6, NULL),
(136, 11, 6, NULL),
(137, 12, 6, NULL),
(138, 13, 6, NULL),
(139, 14, 6, NULL),
(140, 15, 6, NULL),
(141, 16, 6, NULL),
(142, 17, 6, NULL),
(143, 18, 6, NULL),
(144, 19, 6, NULL),
(145, 20, 6, NULL),
(146, 21, 6, NULL),
(147, 22, 6, NULL),
(148, 23, 6, NULL),
(149, 24, 6, NULL),
(150, 25, 6, NULL),
(151, 1, 7, NULL),
(152, 2, 7, NULL),
(153, 3, 7, NULL),
(154, 4, 7, NULL),
(155, 5, 7, NULL),
(156, 6, 7, NULL),
(157, 7, 7, NULL),
(158, 8, 7, NULL),
(159, 9, 7, NULL),
(160, 10, 7, NULL),
(161, 11, 7, NULL),
(162, 12, 7, NULL),
(163, 13, 7, NULL),
(164, 14, 7, NULL),
(165, 15, 7, NULL),
(166, 16, 7, NULL),
(167, 17, 7, NULL),
(168, 18, 7, NULL),
(169, 19, 7, NULL),
(170, 20, 7, NULL),
(171, 21, 7, NULL),
(172, 22, 7, NULL),
(173, 23, 7, NULL),
(174, 24, 7, NULL),
(175, 25, 7, NULL),
(176, 1, 8, NULL),
(177, 2, 8, NULL),
(178, 3, 8, NULL),
(179, 4, 8, NULL),
(180, 5, 8, NULL),
(181, 6, 8, NULL),
(182, 7, 8, NULL),
(183, 8, 8, NULL),
(184, 9, 8, NULL),
(185, 10, 8, NULL),
(186, 11, 8, NULL),
(187, 12, 8, NULL),
(188, 13, 8, NULL),
(189, 14, 8, NULL),
(190, 15, 8, NULL),
(191, 16, 8, NULL),
(192, 17, 8, NULL),
(193, 18, 8, NULL),
(194, 19, 8, NULL),
(195, 20, 8, NULL),
(196, 21, 8, NULL),
(197, 22, 8, NULL),
(198, 23, 8, NULL),
(199, 24, 8, NULL),
(200, 25, 8, NULL),
(201, 1, 9, NULL),
(202, 2, 9, NULL),
(203, 3, 9, NULL),
(204, 4, 9, NULL),
(205, 5, 9, NULL),
(206, 6, 9, NULL),
(207, 7, 9, NULL),
(208, 8, 9, NULL),
(209, 9, 9, NULL),
(210, 10, 9, NULL),
(211, 11, 9, NULL),
(212, 12, 9, NULL),
(213, 13, 9, NULL),
(214, 14, 9, NULL),
(215, 15, 9, NULL),
(216, 16, 9, NULL),
(217, 17, 9, NULL),
(218, 18, 9, NULL),
(219, 19, 9, NULL),
(220, 20, 9, NULL),
(221, 21, 9, NULL),
(222, 22, 9, NULL),
(223, 23, 9, NULL),
(224, 24, 9, NULL),
(225, 25, 9, NULL),
(226, 1, 10, NULL),
(227, 2, 10, NULL),
(228, 3, 10, NULL),
(229, 4, 10, NULL),
(230, 5, 10, NULL),
(231, 6, 10, NULL),
(232, 7, 10, NULL),
(233, 8, 10, NULL),
(234, 9, 10, NULL),
(235, 10, 10, NULL),
(236, 11, 10, NULL),
(237, 12, 10, NULL),
(238, 13, 10, NULL),
(239, 14, 10, NULL),
(240, 15, 10, NULL),
(241, 16, 10, NULL),
(242, 17, 10, NULL),
(243, 18, 10, NULL),
(244, 19, 10, NULL),
(245, 20, 10, NULL),
(246, 21, 10, NULL),
(247, 22, 10, NULL),
(248, 23, 10, NULL),
(249, 24, 10, NULL),
(250, 25, 10, NULL),
(251, 1, 11, NULL),
(252, 2, 11, NULL),
(253, 3, 11, NULL),
(254, 4, 11, NULL),
(255, 5, 11, NULL),
(256, 6, 11, NULL),
(257, 7, 11, NULL),
(258, 8, 11, NULL),
(259, 9, 11, NULL),
(260, 10, 11, NULL),
(261, 11, 11, NULL),
(262, 12, 11, NULL),
(263, 13, 11, NULL),
(264, 14, 11, NULL),
(265, 15, 11, NULL),
(266, 16, 11, NULL),
(267, 17, 11, NULL),
(268, 18, 11, NULL),
(269, 19, 11, NULL),
(270, 20, 11, NULL),
(271, 21, 11, NULL),
(272, 22, 11, NULL),
(273, 23, 11, NULL),
(274, 24, 11, NULL),
(275, 25, 11, NULL),
(276, 1, 12, NULL),
(277, 2, 12, NULL),
(278, 3, 12, NULL),
(279, 4, 12, NULL),
(280, 5, 12, NULL),
(281, 6, 12, NULL),
(282, 7, 12, NULL),
(283, 8, 12, NULL),
(284, 9, 12, NULL),
(285, 10, 12, NULL),
(286, 11, 12, NULL),
(287, 12, 12, NULL),
(288, 13, 12, NULL),
(289, 14, 12, NULL),
(290, 15, 12, NULL),
(291, 16, 12, NULL),
(292, 17, 12, NULL),
(293, 18, 12, NULL),
(294, 19, 12, NULL),
(295, 20, 12, NULL),
(296, 21, 12, NULL),
(297, 22, 12, NULL),
(298, 23, 12, NULL),
(299, 24, 12, NULL),
(300, 25, 12, NULL),
(301, 1, 13, NULL),
(302, 2, 13, NULL),
(303, 3, 13, NULL),
(304, 4, 13, NULL),
(305, 5, 13, NULL),
(306, 6, 13, NULL),
(307, 7, 13, NULL),
(308, 8, 13, NULL),
(309, 9, 13, NULL),
(310, 10, 13, NULL),
(311, 11, 13, NULL),
(312, 12, 13, NULL),
(313, 13, 13, NULL),
(314, 14, 13, NULL),
(315, 15, 13, NULL),
(316, 16, 13, NULL),
(317, 17, 13, NULL),
(318, 18, 13, NULL),
(319, 19, 13, NULL),
(320, 20, 13, NULL),
(321, 21, 13, NULL),
(322, 22, 13, NULL),
(323, 23, 13, NULL),
(324, 24, 13, NULL),
(325, 25, 13, NULL),
(326, 1, 14, NULL),
(327, 2, 14, NULL),
(328, 3, 14, NULL),
(329, 4, 14, NULL),
(330, 5, 14, NULL),
(331, 6, 14, NULL),
(332, 7, 14, NULL),
(333, 8, 14, NULL),
(334, 9, 14, NULL),
(335, 10, 14, NULL),
(336, 11, 14, NULL),
(337, 12, 14, NULL),
(338, 13, 14, NULL),
(339, 14, 14, NULL),
(340, 15, 14, NULL),
(341, 16, 14, NULL),
(342, 17, 14, NULL),
(343, 18, 14, NULL),
(344, 19, 14, NULL),
(345, 20, 14, NULL),
(346, 21, 14, NULL),
(347, 22, 14, NULL),
(348, 23, 14, NULL),
(349, 24, 14, NULL),
(350, 25, 14, NULL),
(351, 1, 15, NULL),
(352, 2, 15, NULL),
(353, 3, 15, NULL),
(354, 4, 15, NULL),
(355, 5, 15, NULL),
(356, 6, 15, NULL),
(357, 7, 15, NULL),
(358, 8, 15, NULL),
(359, 9, 15, NULL),
(360, 10, 15, NULL),
(361, 11, 15, NULL),
(362, 12, 15, NULL),
(363, 13, 15, NULL),
(364, 14, 15, NULL),
(365, 15, 15, NULL),
(366, 16, 15, NULL),
(367, 17, 15, NULL),
(368, 18, 15, NULL),
(369, 19, 15, NULL),
(370, 20, 15, NULL),
(371, 21, 15, NULL),
(372, 22, 15, NULL),
(373, 23, 15, NULL),
(374, 24, 15, NULL),
(375, 25, 15, NULL),
(376, 1, 16, NULL),
(377, 2, 16, NULL),
(378, 3, 16, NULL),
(379, 4, 16, NULL),
(380, 5, 16, NULL),
(381, 6, 16, NULL),
(382, 7, 16, NULL),
(383, 8, 16, NULL),
(384, 9, 16, NULL),
(385, 10, 16, NULL),
(386, 11, 16, NULL),
(387, 12, 16, NULL),
(388, 13, 16, NULL),
(389, 14, 16, NULL),
(390, 15, 16, NULL),
(391, 16, 16, NULL),
(392, 17, 16, NULL),
(393, 18, 16, NULL),
(394, 19, 16, NULL),
(395, 20, 16, NULL),
(396, 21, 16, NULL),
(397, 22, 16, NULL),
(398, 23, 16, NULL),
(399, 24, 16, NULL),
(400, 25, 16, NULL),
(401, 1, 17, NULL),
(402, 2, 17, NULL),
(403, 3, 17, NULL),
(404, 4, 17, NULL),
(405, 5, 17, NULL),
(406, 6, 17, NULL),
(407, 7, 17, NULL),
(408, 8, 17, NULL),
(409, 9, 17, NULL),
(410, 10, 17, NULL),
(411, 11, 17, NULL),
(412, 12, 17, NULL),
(413, 13, 17, NULL),
(414, 14, 17, NULL),
(415, 15, 17, NULL),
(416, 16, 17, NULL),
(417, 17, 17, NULL),
(418, 18, 17, NULL),
(419, 19, 17, NULL),
(420, 20, 17, NULL),
(421, 21, 17, NULL),
(422, 22, 17, NULL),
(423, 23, 17, NULL),
(424, 24, 17, NULL),
(425, 25, 17, NULL),
(426, 1, 18, NULL),
(427, 2, 18, NULL),
(428, 3, 18, NULL),
(429, 4, 18, NULL),
(430, 5, 18, NULL),
(431, 6, 18, NULL),
(432, 7, 18, NULL),
(433, 8, 18, NULL),
(434, 9, 18, NULL),
(435, 10, 18, NULL),
(436, 11, 18, NULL),
(437, 12, 18, NULL),
(438, 13, 18, NULL),
(439, 14, 18, NULL),
(440, 15, 18, NULL),
(441, 16, 18, NULL),
(442, 17, 18, NULL),
(443, 18, 18, NULL),
(444, 19, 18, NULL),
(445, 20, 18, NULL),
(446, 21, 18, NULL),
(447, 22, 18, NULL),
(448, 23, 18, NULL),
(449, 24, 18, NULL),
(450, 25, 18, NULL),
(451, 1, 19, NULL),
(452, 2, 19, NULL),
(453, 3, 19, NULL),
(454, 4, 19, NULL),
(455, 5, 19, NULL),
(456, 6, 19, NULL),
(457, 7, 19, NULL),
(458, 8, 19, NULL),
(459, 9, 19, NULL),
(460, 10, 19, NULL),
(461, 11, 19, NULL),
(462, 12, 19, NULL),
(463, 13, 19, NULL),
(464, 14, 19, NULL),
(465, 15, 19, NULL),
(466, 16, 19, NULL),
(467, 17, 19, NULL),
(468, 18, 19, NULL),
(469, 19, 19, NULL),
(470, 20, 19, NULL),
(471, 21, 19, NULL),
(472, 22, 19, NULL),
(473, 23, 19, NULL),
(474, 24, 19, NULL),
(475, 25, 19, NULL),
(476, 1, 20, NULL),
(477, 2, 20, NULL),
(478, 3, 20, NULL),
(479, 4, 20, NULL),
(480, 5, 20, NULL),
(481, 6, 20, NULL),
(482, 7, 20, NULL),
(483, 8, 20, NULL),
(484, 9, 20, NULL),
(485, 10, 20, NULL),
(486, 11, 20, NULL),
(487, 12, 20, NULL),
(488, 13, 20, NULL),
(489, 14, 20, NULL),
(490, 15, 20, NULL),
(491, 16, 20, NULL),
(492, 17, 20, NULL),
(493, 18, 20, NULL),
(494, 19, 20, NULL),
(495, 20, 20, NULL),
(496, 21, 20, NULL),
(497, 22, 20, NULL),
(498, 23, 20, NULL),
(499, 24, 20, NULL),
(500, 25, 20, NULL),
(501, 1, 21, NULL),
(502, 2, 21, NULL),
(503, 3, 21, NULL),
(504, 4, 21, NULL),
(505, 5, 21, NULL),
(506, 6, 21, NULL),
(507, 7, 21, NULL),
(508, 8, 21, NULL),
(509, 9, 21, NULL),
(510, 10, 21, NULL),
(511, 11, 21, NULL),
(512, 12, 21, NULL),
(513, 13, 21, NULL),
(514, 14, 21, NULL),
(515, 15, 21, NULL),
(516, 16, 21, NULL),
(517, 17, 21, NULL),
(518, 18, 21, NULL),
(519, 19, 21, NULL),
(520, 20, 21, NULL),
(521, 21, 21, NULL),
(522, 22, 21, NULL),
(523, 23, 21, NULL),
(524, 24, 21, NULL),
(525, 25, 21, NULL),
(526, 1, 22, NULL),
(527, 2, 22, NULL),
(528, 3, 22, NULL),
(529, 4, 22, NULL),
(530, 5, 22, NULL),
(531, 6, 22, NULL),
(532, 7, 22, NULL),
(533, 8, 22, NULL),
(534, 9, 22, NULL),
(535, 10, 22, NULL),
(536, 11, 22, NULL),
(537, 12, 22, NULL),
(538, 13, 22, NULL),
(539, 14, 22, NULL),
(540, 15, 22, NULL),
(541, 16, 22, NULL),
(542, 17, 22, NULL),
(543, 18, 22, NULL),
(544, 19, 22, NULL),
(545, 20, 22, NULL),
(546, 21, 22, NULL),
(547, 22, 22, NULL),
(548, 23, 22, NULL),
(549, 24, 22, NULL),
(550, 25, 22, NULL),
(551, 1, 23, NULL),
(552, 2, 23, NULL),
(553, 3, 23, NULL),
(554, 4, 23, NULL),
(555, 5, 23, NULL),
(556, 6, 23, NULL),
(557, 7, 23, NULL),
(558, 8, 23, NULL),
(559, 9, 23, NULL),
(560, 10, 23, NULL),
(561, 11, 23, NULL),
(562, 12, 23, NULL),
(563, 13, 23, NULL),
(564, 14, 23, NULL),
(565, 15, 23, NULL),
(566, 16, 23, NULL),
(567, 17, 23, NULL),
(568, 18, 23, NULL),
(569, 19, 23, NULL),
(570, 20, 23, NULL),
(571, 21, 23, NULL),
(572, 22, 23, NULL),
(573, 23, 23, NULL),
(574, 24, 23, NULL),
(575, 25, 23, NULL),
(576, 1, 24, NULL),
(577, 2, 24, NULL),
(578, 3, 24, NULL),
(579, 4, 24, NULL),
(580, 5, 24, NULL),
(581, 6, 24, NULL),
(582, 7, 24, NULL),
(583, 8, 24, NULL),
(584, 9, 24, NULL),
(585, 10, 24, NULL),
(586, 11, 24, NULL),
(587, 12, 24, NULL),
(588, 13, 24, NULL),
(589, 14, 24, NULL),
(590, 15, 24, NULL),
(591, 16, 24, NULL),
(592, 17, 24, NULL),
(593, 18, 24, NULL),
(594, 19, 24, NULL),
(595, 20, 24, NULL),
(596, 21, 24, NULL),
(597, 22, 24, NULL),
(598, 23, 24, NULL),
(599, 24, 24, NULL),
(600, 25, 24, NULL),
(601, 1, 25, NULL),
(602, 2, 25, NULL),
(603, 3, 25, NULL),
(604, 4, 25, NULL),
(605, 5, 25, NULL),
(606, 6, 25, NULL),
(607, 7, 25, NULL),
(608, 8, 25, NULL),
(609, 9, 25, NULL),
(610, 10, 25, NULL),
(611, 11, 25, NULL),
(612, 12, 25, NULL),
(613, 13, 25, NULL),
(614, 14, 25, NULL),
(615, 15, 25, NULL),
(616, 16, 25, NULL),
(617, 17, 25, NULL),
(618, 18, 25, NULL),
(619, 19, 25, NULL),
(620, 20, 25, NULL),
(621, 21, 25, NULL),
(622, 22, 25, NULL),
(623, 23, 25, NULL),
(624, 24, 25, NULL),
(625, 25, 25, NULL),
(626, 1, 26, NULL),
(627, 2, 26, NULL),
(628, 3, 26, NULL),
(629, 4, 26, NULL),
(630, 5, 26, NULL),
(631, 6, 26, NULL),
(632, 7, 26, NULL),
(633, 8, 26, NULL),
(634, 9, 26, NULL),
(635, 10, 26, NULL),
(636, 11, 26, NULL),
(637, 12, 26, NULL),
(638, 13, 26, NULL),
(639, 14, 26, NULL),
(640, 15, 26, NULL),
(641, 16, 26, NULL),
(642, 17, 26, NULL),
(643, 18, 26, NULL),
(644, 19, 26, NULL),
(645, 20, 26, NULL),
(646, 21, 26, NULL),
(647, 22, 26, NULL),
(648, 23, 26, NULL),
(649, 24, 26, NULL),
(650, 25, 26, NULL),
(651, 1, 27, NULL),
(652, 2, 27, NULL),
(653, 3, 27, NULL),
(654, 4, 27, NULL),
(655, 5, 27, NULL),
(656, 6, 27, NULL),
(657, 7, 27, NULL),
(658, 8, 27, NULL),
(659, 9, 27, NULL),
(660, 10, 27, NULL),
(661, 11, 27, NULL),
(662, 12, 27, NULL),
(663, 13, 27, NULL),
(664, 14, 27, NULL),
(665, 15, 27, NULL),
(666, 16, 27, NULL),
(667, 17, 27, NULL),
(668, 18, 27, NULL),
(669, 19, 27, NULL),
(670, 20, 27, NULL),
(671, 21, 27, NULL),
(672, 22, 27, NULL),
(673, 23, 27, NULL),
(674, 24, 27, NULL),
(675, 25, 27, NULL),
(676, 1, 28, NULL),
(677, 2, 28, NULL),
(678, 3, 28, NULL),
(679, 4, 28, NULL),
(680, 5, 28, NULL),
(681, 6, 28, NULL),
(682, 7, 28, NULL),
(683, 8, 28, NULL),
(684, 9, 28, NULL),
(685, 10, 28, NULL),
(686, 11, 28, NULL),
(687, 12, 28, NULL),
(688, 13, 28, NULL),
(689, 14, 28, NULL),
(690, 15, 28, NULL),
(691, 16, 28, NULL),
(692, 17, 28, NULL),
(693, 18, 28, NULL),
(694, 19, 28, NULL),
(695, 20, 28, NULL),
(696, 21, 28, NULL),
(697, 22, 28, NULL),
(698, 23, 28, NULL),
(699, 24, 28, NULL),
(700, 25, 28, NULL),
(701, 1, 29, NULL),
(702, 2, 29, NULL),
(703, 3, 29, NULL),
(704, 4, 29, NULL),
(705, 5, 29, NULL),
(706, 6, 29, NULL),
(707, 7, 29, NULL),
(708, 8, 29, NULL),
(709, 9, 29, NULL),
(710, 10, 29, NULL),
(711, 11, 29, NULL),
(712, 12, 29, NULL),
(713, 13, 29, NULL),
(714, 14, 29, NULL),
(715, 15, 29, NULL),
(716, 16, 29, NULL),
(717, 17, 29, NULL),
(718, 18, 29, NULL),
(719, 19, 29, NULL),
(720, 20, 29, NULL),
(721, 21, 29, NULL),
(722, 22, 29, NULL),
(723, 23, 29, NULL),
(724, 24, 29, NULL),
(725, 25, 29, NULL),
(726, 1, 30, NULL),
(727, 2, 30, NULL),
(728, 3, 30, NULL),
(729, 4, 30, NULL),
(730, 5, 30, NULL),
(731, 6, 30, NULL),
(732, 7, 30, NULL),
(733, 8, 30, NULL),
(734, 9, 30, NULL),
(735, 10, 30, NULL),
(736, 11, 30, NULL),
(737, 12, 30, NULL),
(738, 13, 30, NULL),
(739, 14, 30, NULL),
(740, 15, 30, NULL),
(741, 16, 30, NULL),
(742, 17, 30, NULL),
(743, 18, 30, NULL),
(744, 19, 30, NULL),
(745, 20, 30, NULL),
(746, 21, 30, NULL),
(747, 22, 30, NULL),
(748, 23, 30, NULL),
(749, 24, 30, NULL),
(750, 25, 30, NULL),
(751, 1, 31, NULL),
(752, 2, 31, NULL),
(753, 3, 31, NULL),
(754, 4, 31, NULL),
(755, 5, 31, NULL),
(756, 6, 31, NULL),
(757, 7, 31, NULL),
(758, 8, 31, NULL),
(759, 9, 31, NULL),
(760, 10, 31, NULL),
(761, 11, 31, NULL),
(762, 12, 31, NULL),
(763, 13, 31, NULL),
(764, 14, 31, NULL),
(765, 15, 31, NULL),
(766, 16, 31, NULL),
(767, 17, 31, NULL),
(768, 18, 31, NULL),
(769, 19, 31, NULL),
(770, 20, 31, NULL),
(771, 21, 31, NULL),
(772, 22, 31, NULL),
(773, 23, 31, NULL),
(774, 24, 31, NULL),
(775, 25, 31, NULL),
(776, 1, 32, NULL),
(777, 2, 32, NULL),
(778, 3, 32, NULL),
(779, 4, 32, NULL),
(780, 5, 32, NULL),
(781, 6, 32, NULL),
(782, 7, 32, NULL),
(783, 8, 32, NULL),
(784, 9, 32, NULL),
(785, 10, 32, NULL),
(786, 11, 32, NULL),
(787, 12, 32, NULL),
(788, 13, 32, NULL),
(789, 14, 32, NULL),
(790, 15, 32, NULL),
(791, 16, 32, NULL),
(792, 17, 32, NULL),
(793, 18, 32, NULL),
(794, 19, 32, NULL),
(795, 20, 32, NULL),
(796, 21, 32, NULL),
(797, 22, 32, NULL),
(798, 23, 32, NULL),
(799, 24, 32, NULL),
(800, 25, 32, NULL),
(801, 1, 33, NULL),
(802, 2, 33, NULL),
(803, 3, 33, NULL),
(804, 4, 33, NULL),
(805, 5, 33, NULL),
(806, 6, 33, NULL),
(807, 7, 33, NULL),
(808, 8, 33, NULL),
(809, 9, 33, NULL),
(810, 10, 33, NULL),
(811, 11, 33, NULL),
(812, 12, 33, NULL),
(813, 13, 33, NULL),
(814, 14, 33, NULL),
(815, 15, 33, NULL),
(816, 16, 33, NULL),
(817, 17, 33, NULL),
(818, 18, 33, NULL),
(819, 19, 33, NULL),
(820, 20, 33, NULL),
(821, 21, 33, NULL),
(822, 22, 33, NULL),
(823, 23, 33, NULL),
(824, 24, 33, NULL),
(825, 25, 33, NULL),
(826, 1, 34, NULL),
(827, 2, 34, NULL),
(828, 3, 34, NULL),
(829, 4, 34, NULL),
(830, 5, 34, NULL),
(831, 6, 34, NULL),
(832, 7, 34, NULL),
(833, 8, 34, NULL),
(834, 9, 34, NULL),
(835, 10, 34, NULL),
(836, 11, 34, NULL),
(837, 12, 34, NULL),
(838, 13, 34, NULL),
(839, 14, 34, NULL),
(840, 15, 34, NULL),
(841, 16, 34, NULL),
(842, 17, 34, NULL),
(843, 18, 34, NULL),
(844, 19, 34, NULL),
(845, 20, 34, NULL),
(846, 21, 34, NULL),
(847, 22, 34, NULL),
(848, 23, 34, NULL),
(849, 24, 34, NULL),
(850, 25, 34, NULL),
(851, 1, 35, NULL),
(852, 2, 35, NULL),
(853, 3, 35, NULL),
(854, 4, 35, NULL),
(855, 5, 35, NULL),
(856, 6, 35, NULL),
(857, 7, 35, NULL),
(858, 8, 35, NULL),
(859, 9, 35, NULL),
(860, 10, 35, NULL),
(861, 11, 35, NULL),
(862, 12, 35, NULL),
(863, 13, 35, NULL),
(864, 14, 35, NULL),
(865, 15, 35, NULL),
(866, 16, 35, NULL),
(867, 17, 35, NULL),
(868, 18, 35, NULL),
(869, 19, 35, NULL),
(870, 20, 35, NULL),
(871, 21, 35, NULL),
(872, 22, 35, NULL),
(873, 23, 35, NULL),
(874, 24, 35, NULL),
(875, 25, 35, NULL),
(876, 1, 36, NULL),
(877, 2, 36, NULL),
(878, 3, 36, NULL),
(879, 4, 36, NULL),
(880, 5, 36, NULL),
(881, 6, 36, NULL),
(882, 7, 36, NULL),
(883, 8, 36, NULL),
(884, 9, 36, NULL),
(885, 10, 36, NULL),
(886, 11, 36, NULL),
(887, 12, 36, NULL),
(888, 13, 36, NULL),
(889, 14, 36, NULL),
(890, 15, 36, NULL),
(891, 16, 36, NULL),
(892, 17, 36, NULL),
(893, 18, 36, NULL),
(894, 19, 36, NULL),
(895, 20, 36, NULL),
(896, 21, 36, NULL),
(897, 22, 36, NULL),
(898, 23, 36, NULL),
(899, 24, 36, NULL),
(900, 25, 36, NULL),
(901, 1, 37, NULL),
(902, 2, 37, NULL),
(903, 3, 37, NULL),
(904, 4, 37, NULL),
(905, 5, 37, NULL),
(906, 6, 37, NULL),
(907, 7, 37, NULL),
(908, 8, 37, NULL),
(909, 9, 37, NULL),
(910, 10, 37, NULL),
(911, 11, 37, NULL),
(912, 12, 37, NULL),
(913, 13, 37, NULL),
(914, 14, 37, NULL),
(915, 15, 37, NULL),
(916, 16, 37, NULL),
(917, 17, 37, NULL),
(918, 18, 37, NULL),
(919, 19, 37, NULL),
(920, 20, 37, NULL),
(921, 21, 37, NULL),
(922, 22, 37, NULL),
(923, 23, 37, NULL),
(924, 24, 37, NULL),
(925, 25, 37, NULL),
(926, 1, 38, NULL),
(927, 2, 38, NULL),
(928, 3, 38, NULL),
(929, 4, 38, NULL),
(930, 5, 38, NULL),
(931, 6, 38, NULL),
(932, 7, 38, NULL),
(933, 8, 38, NULL),
(934, 9, 38, NULL),
(935, 10, 38, NULL),
(936, 11, 38, NULL),
(937, 12, 38, NULL),
(938, 13, 38, NULL),
(939, 14, 38, NULL),
(940, 15, 38, NULL),
(941, 16, 38, NULL),
(942, 17, 38, NULL),
(943, 18, 38, NULL),
(944, 19, 38, NULL),
(945, 20, 38, NULL),
(946, 21, 38, NULL),
(947, 22, 38, NULL),
(948, 23, 38, NULL),
(949, 24, 38, NULL),
(950, 25, 38, NULL),
(951, 1, 39, NULL),
(952, 2, 39, NULL),
(953, 3, 39, NULL),
(954, 4, 39, NULL),
(955, 5, 39, NULL),
(956, 6, 39, NULL),
(957, 7, 39, NULL),
(958, 8, 39, NULL),
(959, 9, 39, NULL),
(960, 10, 39, NULL),
(961, 11, 39, NULL),
(962, 12, 39, NULL),
(963, 13, 39, NULL),
(964, 14, 39, NULL),
(965, 15, 39, NULL),
(966, 16, 39, NULL),
(967, 17, 39, NULL),
(968, 18, 39, NULL),
(969, 19, 39, NULL),
(970, 20, 39, NULL),
(971, 21, 39, NULL),
(972, 22, 39, NULL),
(973, 23, 39, NULL),
(974, 24, 39, NULL),
(975, 25, 39, NULL),
(976, 1, 40, NULL),
(977, 2, 40, NULL),
(978, 3, 40, NULL),
(979, 4, 40, NULL),
(980, 5, 40, NULL),
(981, 6, 40, NULL),
(982, 7, 40, NULL),
(983, 8, 40, NULL),
(984, 9, 40, NULL),
(985, 10, 40, NULL),
(986, 11, 40, NULL),
(987, 12, 40, NULL),
(988, 13, 40, NULL),
(989, 14, 40, NULL),
(990, 15, 40, NULL),
(991, 16, 40, NULL),
(992, 17, 40, NULL),
(993, 18, 40, NULL),
(994, 19, 40, NULL),
(995, 20, 40, NULL),
(996, 21, 40, NULL),
(997, 22, 40, NULL),
(998, 23, 40, NULL),
(999, 24, 40, NULL),
(1000, 25, 40, NULL),
(1001, 1, 41, NULL),
(1002, 2, 41, NULL),
(1003, 3, 41, NULL),
(1004, 4, 41, NULL),
(1005, 5, 41, NULL),
(1006, 6, 41, NULL),
(1007, 7, 41, NULL),
(1008, 8, 41, NULL),
(1009, 9, 41, NULL),
(1010, 10, 41, NULL),
(1011, 11, 41, NULL),
(1012, 12, 41, NULL),
(1013, 13, 41, NULL),
(1014, 14, 41, NULL),
(1015, 15, 41, NULL),
(1016, 16, 41, NULL),
(1017, 17, 41, NULL),
(1018, 18, 41, NULL),
(1019, 19, 41, NULL),
(1020, 20, 41, NULL),
(1021, 21, 41, NULL),
(1022, 22, 41, NULL),
(1023, 23, 41, NULL),
(1024, 24, 41, NULL),
(1025, 25, 41, NULL),
(1026, 1, 42, NULL),
(1027, 2, 42, NULL),
(1028, 3, 42, NULL),
(1029, 4, 42, NULL),
(1030, 5, 42, NULL),
(1031, 6, 42, NULL),
(1032, 7, 42, NULL),
(1033, 8, 42, NULL),
(1034, 9, 42, NULL),
(1035, 10, 42, NULL),
(1036, 11, 42, NULL),
(1037, 12, 42, NULL),
(1038, 13, 42, NULL),
(1039, 14, 42, NULL),
(1040, 15, 42, NULL),
(1041, 16, 42, NULL),
(1042, 17, 42, NULL),
(1043, 18, 42, NULL),
(1044, 19, 42, NULL),
(1045, 20, 42, NULL),
(1046, 21, 42, NULL),
(1047, 22, 42, NULL),
(1048, 23, 42, NULL),
(1049, 24, 42, NULL),
(1050, 25, 42, NULL),
(1051, 1, 43, NULL),
(1052, 2, 43, NULL),
(1053, 3, 43, NULL),
(1054, 4, 43, NULL),
(1055, 5, 43, NULL),
(1056, 6, 43, NULL),
(1057, 7, 43, NULL),
(1058, 8, 43, NULL),
(1059, 9, 43, NULL),
(1060, 10, 43, NULL),
(1061, 11, 43, NULL),
(1062, 12, 43, NULL),
(1063, 13, 43, NULL),
(1064, 14, 43, NULL),
(1065, 15, 43, NULL),
(1066, 16, 43, NULL),
(1067, 17, 43, NULL),
(1068, 18, 43, NULL),
(1069, 19, 43, NULL),
(1070, 20, 43, NULL),
(1071, 21, 43, NULL),
(1072, 22, 43, NULL),
(1073, 23, 43, NULL),
(1074, 24, 43, NULL),
(1075, 25, 43, NULL),
(1076, 1, 44, NULL),
(1077, 2, 44, NULL),
(1078, 3, 44, NULL),
(1079, 4, 44, NULL),
(1080, 5, 44, NULL),
(1081, 6, 44, NULL),
(1082, 7, 44, NULL),
(1083, 8, 44, NULL),
(1084, 9, 44, NULL),
(1085, 10, 44, NULL),
(1086, 11, 44, NULL),
(1087, 12, 44, NULL),
(1088, 13, 44, NULL),
(1089, 14, 44, NULL),
(1090, 15, 44, NULL),
(1091, 16, 44, NULL),
(1092, 17, 44, NULL),
(1093, 18, 44, NULL),
(1094, 19, 44, NULL),
(1095, 20, 44, NULL),
(1096, 21, 44, NULL),
(1097, 22, 44, NULL),
(1098, 23, 44, NULL),
(1099, 24, 44, NULL),
(1100, 25, 44, NULL),
(1101, 1, 45, NULL),
(1102, 2, 45, NULL),
(1103, 3, 45, NULL),
(1104, 4, 45, NULL),
(1105, 5, 45, NULL),
(1106, 6, 45, NULL),
(1107, 7, 45, NULL),
(1108, 8, 45, NULL),
(1109, 9, 45, NULL),
(1110, 10, 45, NULL),
(1111, 11, 45, NULL),
(1112, 12, 45, NULL),
(1113, 13, 45, NULL),
(1114, 14, 45, NULL),
(1115, 15, 45, NULL),
(1116, 16, 45, NULL),
(1117, 17, 45, NULL),
(1118, 18, 45, NULL),
(1119, 19, 45, NULL),
(1120, 20, 45, NULL),
(1121, 21, 45, NULL),
(1122, 22, 45, NULL),
(1123, 23, 45, NULL),
(1124, 24, 45, NULL),
(1125, 25, 45, NULL),
(1126, 1, 46, NULL),
(1127, 2, 46, NULL),
(1128, 3, 46, NULL),
(1129, 4, 46, NULL),
(1130, 5, 46, NULL),
(1131, 6, 46, NULL),
(1132, 7, 46, NULL),
(1133, 8, 46, NULL),
(1134, 9, 46, NULL),
(1135, 10, 46, NULL),
(1136, 11, 46, NULL),
(1137, 12, 46, NULL),
(1138, 13, 46, NULL),
(1139, 14, 46, NULL),
(1140, 15, 46, NULL),
(1141, 16, 46, NULL),
(1142, 17, 46, NULL),
(1143, 18, 46, NULL),
(1144, 19, 46, NULL),
(1145, 20, 46, NULL),
(1146, 21, 46, NULL),
(1147, 22, 46, NULL),
(1148, 23, 46, NULL),
(1149, 24, 46, NULL),
(1150, 25, 46, NULL),
(1151, 1, 47, NULL),
(1152, 2, 47, NULL),
(1153, 3, 47, NULL),
(1154, 4, 47, NULL),
(1155, 5, 47, NULL),
(1156, 6, 47, NULL),
(1157, 7, 47, NULL),
(1158, 8, 47, NULL),
(1159, 9, 47, NULL),
(1160, 10, 47, NULL),
(1161, 11, 47, NULL),
(1162, 12, 47, NULL),
(1163, 13, 47, NULL),
(1164, 14, 47, NULL),
(1165, 15, 47, NULL),
(1166, 16, 47, NULL),
(1167, 17, 47, NULL),
(1168, 18, 47, NULL),
(1169, 19, 47, NULL),
(1170, 20, 47, NULL),
(1171, 21, 47, NULL),
(1172, 22, 47, NULL),
(1173, 23, 47, NULL),
(1174, 24, 47, NULL),
(1175, 25, 47, NULL),
(1176, 1, 48, NULL),
(1177, 2, 48, NULL),
(1178, 3, 48, NULL),
(1179, 4, 48, NULL),
(1180, 5, 48, NULL),
(1181, 6, 48, NULL),
(1182, 7, 48, NULL),
(1183, 8, 48, NULL),
(1184, 9, 48, NULL),
(1185, 10, 48, NULL),
(1186, 11, 48, NULL),
(1187, 12, 48, NULL),
(1188, 13, 48, NULL),
(1189, 14, 48, NULL),
(1190, 15, 48, NULL),
(1191, 16, 48, NULL),
(1192, 17, 48, NULL),
(1193, 18, 48, NULL),
(1194, 19, 48, NULL),
(1195, 20, 48, NULL),
(1196, 21, 48, NULL),
(1197, 22, 48, NULL),
(1198, 23, 48, NULL),
(1199, 24, 48, NULL),
(1200, 25, 48, NULL),
(1201, 1, 49, NULL),
(1202, 2, 49, NULL),
(1203, 3, 49, NULL),
(1204, 4, 49, NULL),
(1205, 5, 49, NULL),
(1206, 6, 49, NULL),
(1207, 7, 49, NULL),
(1208, 8, 49, NULL),
(1209, 9, 49, NULL),
(1210, 10, 49, NULL),
(1211, 11, 49, NULL),
(1212, 12, 49, NULL),
(1213, 13, 49, NULL),
(1214, 14, 49, NULL),
(1215, 15, 49, NULL),
(1216, 16, 49, NULL),
(1217, 17, 49, NULL),
(1218, 18, 49, NULL),
(1219, 19, 49, NULL),
(1220, 20, 49, NULL),
(1221, 21, 49, NULL),
(1222, 22, 49, NULL),
(1223, 23, 49, NULL),
(1224, 24, 49, NULL),
(1225, 25, 49, NULL),
(1226, 1, 50, NULL),
(1227, 2, 50, NULL),
(1228, 3, 50, NULL),
(1229, 4, 50, NULL),
(1230, 5, 50, NULL),
(1231, 6, 50, NULL),
(1232, 7, 50, NULL),
(1233, 8, 50, NULL),
(1234, 9, 50, NULL),
(1235, 10, 50, NULL),
(1236, 11, 50, NULL),
(1237, 12, 50, NULL),
(1238, 13, 50, NULL),
(1239, 14, 50, NULL),
(1240, 15, 50, NULL),
(1241, 16, 50, NULL),
(1242, 17, 50, NULL),
(1243, 18, 50, NULL),
(1244, 19, 50, NULL),
(1245, 20, 50, NULL),
(1246, 21, 50, NULL),
(1247, 22, 50, NULL),
(1248, 23, 50, NULL),
(1249, 24, 50, NULL),
(1250, 25, 50, NULL),
(1251, 1, 51, NULL),
(1252, 2, 51, NULL),
(1253, 3, 51, NULL),
(1254, 4, 51, NULL),
(1255, 5, 51, NULL),
(1256, 6, 51, NULL),
(1257, 7, 51, NULL),
(1258, 8, 51, NULL),
(1259, 9, 51, NULL),
(1260, 10, 51, NULL),
(1261, 11, 51, NULL),
(1262, 12, 51, NULL),
(1263, 13, 51, NULL),
(1264, 14, 51, NULL),
(1265, 15, 51, NULL),
(1266, 16, 51, NULL),
(1267, 17, 51, NULL),
(1268, 18, 51, NULL),
(1269, 19, 51, NULL),
(1270, 20, 51, NULL),
(1271, 21, 51, NULL),
(1272, 22, 51, NULL),
(1273, 23, 51, NULL),
(1274, 24, 51, NULL),
(1275, 25, 51, NULL),
(1276, 1, 52, NULL),
(1277, 2, 52, NULL),
(1278, 3, 52, NULL),
(1279, 4, 52, NULL),
(1280, 5, 52, NULL),
(1281, 6, 52, NULL),
(1282, 7, 52, NULL),
(1283, 8, 52, NULL),
(1284, 9, 52, NULL),
(1285, 10, 52, NULL),
(1286, 11, 52, NULL),
(1287, 12, 52, NULL),
(1288, 13, 52, NULL),
(1289, 14, 52, NULL),
(1290, 15, 52, NULL),
(1291, 16, 52, NULL),
(1292, 17, 52, NULL),
(1293, 18, 52, NULL),
(1294, 19, 52, NULL),
(1295, 20, 52, NULL),
(1296, 21, 52, NULL),
(1297, 22, 52, NULL),
(1298, 23, 52, NULL),
(1299, 24, 52, NULL),
(1300, 25, 52, NULL),
(1301, 1, 53, NULL),
(1302, 2, 53, NULL),
(1303, 3, 53, NULL),
(1304, 4, 53, NULL),
(1305, 5, 53, NULL),
(1306, 6, 53, NULL),
(1307, 7, 53, NULL),
(1308, 8, 53, NULL),
(1309, 9, 53, NULL),
(1310, 10, 53, NULL),
(1311, 11, 53, NULL),
(1312, 12, 53, NULL),
(1313, 13, 53, NULL),
(1314, 14, 53, NULL),
(1315, 15, 53, NULL),
(1316, 16, 53, NULL),
(1317, 17, 53, NULL),
(1318, 18, 53, NULL),
(1319, 19, 53, NULL),
(1320, 20, 53, NULL),
(1321, 21, 53, NULL),
(1322, 22, 53, NULL),
(1323, 23, 53, NULL),
(1324, 24, 53, NULL),
(1325, 25, 53, NULL),
(1326, 1, 54, NULL),
(1327, 2, 54, NULL),
(1328, 3, 54, NULL),
(1329, 4, 54, NULL),
(1330, 5, 54, NULL),
(1331, 6, 54, NULL),
(1332, 7, 54, NULL),
(1333, 8, 54, NULL),
(1334, 9, 54, NULL),
(1335, 10, 54, NULL),
(1336, 11, 54, NULL),
(1337, 12, 54, NULL),
(1338, 13, 54, NULL),
(1339, 14, 54, NULL),
(1340, 15, 54, NULL),
(1341, 16, 54, NULL),
(1342, 17, 54, NULL),
(1343, 18, 54, NULL),
(1344, 19, 54, NULL),
(1345, 20, 54, NULL),
(1346, 21, 54, NULL),
(1347, 22, 54, NULL),
(1348, 23, 54, NULL),
(1349, 24, 54, NULL),
(1350, 25, 54, NULL),
(1351, 1, 55, NULL),
(1352, 2, 55, NULL),
(1353, 3, 55, NULL),
(1354, 4, 55, NULL),
(1355, 5, 55, NULL),
(1356, 6, 55, NULL),
(1357, 7, 55, NULL),
(1358, 8, 55, NULL),
(1359, 9, 55, NULL),
(1360, 10, 55, NULL),
(1361, 11, 55, NULL),
(1362, 12, 55, NULL),
(1363, 13, 55, NULL),
(1364, 14, 55, NULL),
(1365, 15, 55, NULL),
(1366, 16, 55, NULL),
(1367, 17, 55, NULL),
(1368, 18, 55, NULL),
(1369, 19, 55, NULL),
(1370, 20, 55, NULL),
(1371, 21, 55, NULL),
(1372, 22, 55, NULL),
(1373, 23, 55, NULL),
(1374, 24, 55, NULL),
(1375, 25, 55, NULL),
(1376, 1, 56, NULL),
(1377, 2, 56, NULL),
(1378, 3, 56, NULL),
(1379, 4, 56, NULL),
(1380, 5, 56, NULL),
(1381, 6, 56, NULL),
(1382, 7, 56, NULL),
(1383, 8, 56, NULL),
(1384, 9, 56, NULL),
(1385, 10, 56, NULL),
(1386, 11, 56, NULL),
(1387, 12, 56, NULL),
(1388, 13, 56, NULL),
(1389, 14, 56, NULL),
(1390, 15, 56, NULL),
(1391, 16, 56, NULL),
(1392, 17, 56, NULL),
(1393, 18, 56, NULL),
(1394, 19, 56, NULL),
(1395, 20, 56, NULL),
(1396, 21, 56, NULL),
(1397, 22, 56, NULL),
(1398, 23, 56, NULL),
(1399, 24, 56, NULL),
(1400, 25, 56, NULL),
(1401, 1, 57, NULL),
(1402, 2, 57, NULL),
(1403, 3, 57, NULL),
(1404, 4, 57, NULL),
(1405, 5, 57, NULL),
(1406, 6, 57, NULL),
(1407, 7, 57, NULL),
(1408, 8, 57, NULL),
(1409, 9, 57, NULL),
(1410, 10, 57, NULL),
(1411, 11, 57, NULL),
(1412, 12, 57, NULL),
(1413, 13, 57, NULL),
(1414, 14, 57, NULL),
(1415, 15, 57, NULL),
(1416, 16, 57, NULL),
(1417, 17, 57, NULL),
(1418, 18, 57, NULL),
(1419, 19, 57, NULL),
(1420, 20, 57, NULL),
(1421, 21, 57, NULL),
(1422, 22, 57, NULL),
(1423, 23, 57, NULL),
(1424, 24, 57, NULL),
(1425, 25, 57, NULL),
(1426, 1, 58, NULL),
(1427, 2, 58, NULL),
(1428, 3, 58, NULL),
(1429, 4, 58, NULL),
(1430, 5, 58, NULL),
(1431, 6, 58, NULL),
(1432, 7, 58, NULL),
(1433, 8, 58, NULL),
(1434, 9, 58, NULL),
(1435, 10, 58, NULL),
(1436, 11, 58, NULL),
(1437, 12, 58, NULL),
(1438, 13, 58, NULL),
(1439, 14, 58, NULL),
(1440, 15, 58, NULL),
(1441, 16, 58, NULL),
(1442, 17, 58, NULL),
(1443, 18, 58, NULL),
(1444, 19, 58, NULL),
(1445, 20, 58, NULL),
(1446, 21, 58, NULL),
(1447, 22, 58, NULL),
(1448, 23, 58, NULL),
(1449, 24, 58, NULL),
(1450, 25, 58, NULL),
(1451, 1, 59, NULL),
(1452, 2, 59, NULL),
(1453, 3, 59, NULL),
(1454, 4, 59, NULL),
(1455, 5, 59, NULL),
(1456, 6, 59, NULL),
(1457, 7, 59, NULL),
(1458, 8, 59, NULL),
(1459, 9, 59, NULL),
(1460, 10, 59, NULL),
(1461, 11, 59, NULL),
(1462, 12, 59, NULL),
(1463, 13, 59, NULL),
(1464, 14, 59, NULL),
(1465, 15, 59, NULL),
(1466, 16, 59, NULL),
(1467, 17, 59, NULL),
(1468, 18, 59, NULL),
(1469, 19, 59, NULL),
(1470, 20, 59, NULL),
(1471, 21, 59, NULL),
(1472, 22, 59, NULL),
(1473, 23, 59, NULL),
(1474, 24, 59, NULL),
(1475, 25, 59, NULL),
(1476, 1, 60, NULL),
(1477, 2, 60, NULL),
(1478, 3, 60, NULL),
(1479, 4, 60, NULL),
(1480, 5, 60, NULL),
(1481, 6, 60, NULL),
(1482, 7, 60, NULL),
(1483, 8, 60, NULL),
(1484, 9, 60, NULL),
(1485, 10, 60, NULL),
(1486, 11, 60, NULL),
(1487, 12, 60, NULL),
(1488, 13, 60, NULL),
(1489, 14, 60, NULL),
(1490, 15, 60, NULL),
(1491, 16, 60, NULL),
(1492, 17, 60, NULL),
(1493, 18, 60, NULL),
(1494, 19, 60, NULL),
(1495, 20, 60, NULL),
(1496, 21, 60, NULL),
(1497, 22, 60, NULL),
(1498, 23, 60, NULL),
(1499, 24, 60, NULL),
(1500, 25, 60, NULL),
(1501, 1, 61, NULL),
(1502, 2, 61, NULL),
(1503, 3, 61, NULL),
(1504, 4, 61, NULL),
(1505, 5, 61, NULL),
(1506, 6, 61, NULL),
(1507, 7, 61, NULL),
(1508, 8, 61, NULL),
(1509, 9, 61, NULL),
(1510, 10, 61, NULL),
(1511, 11, 61, NULL),
(1512, 12, 61, NULL),
(1513, 13, 61, NULL),
(1514, 14, 61, NULL),
(1515, 15, 61, NULL),
(1516, 16, 61, NULL),
(1517, 17, 61, NULL),
(1518, 18, 61, NULL),
(1519, 19, 61, NULL),
(1520, 20, 61, NULL),
(1521, 21, 61, NULL),
(1522, 22, 61, NULL),
(1523, 23, 61, NULL),
(1524, 24, 61, NULL),
(1525, 25, 61, NULL),
(1526, 1, 62, NULL),
(1527, 2, 62, NULL),
(1528, 3, 62, NULL),
(1529, 4, 62, NULL),
(1530, 5, 62, NULL),
(1531, 6, 62, NULL),
(1532, 7, 62, NULL),
(1533, 8, 62, NULL),
(1534, 9, 62, NULL),
(1535, 10, 62, NULL),
(1536, 11, 62, NULL),
(1537, 12, 62, NULL),
(1538, 13, 62, NULL),
(1539, 14, 62, NULL),
(1540, 15, 62, NULL),
(1541, 16, 62, NULL),
(1542, 17, 62, NULL),
(1543, 18, 62, NULL),
(1544, 19, 62, NULL),
(1545, 20, 62, NULL),
(1546, 21, 62, NULL),
(1547, 22, 62, NULL),
(1548, 23, 62, NULL),
(1549, 24, 62, NULL),
(1550, 25, 62, NULL),
(1551, 1, 63, NULL),
(1552, 2, 63, NULL),
(1553, 3, 63, NULL),
(1554, 4, 63, NULL),
(1555, 5, 63, NULL),
(1556, 6, 63, NULL),
(1557, 7, 63, NULL),
(1558, 8, 63, NULL),
(1559, 9, 63, NULL),
(1560, 10, 63, NULL),
(1561, 11, 63, NULL),
(1562, 12, 63, NULL),
(1563, 13, 63, NULL),
(1564, 14, 63, NULL),
(1565, 15, 63, NULL),
(1566, 16, 63, NULL),
(1567, 17, 63, NULL),
(1568, 18, 63, NULL),
(1569, 19, 63, NULL),
(1570, 20, 63, NULL),
(1571, 21, 63, NULL),
(1572, 22, 63, NULL),
(1573, 23, 63, NULL),
(1574, 24, 63, NULL),
(1575, 25, 63, NULL),
(1576, 1, 64, NULL),
(1577, 2, 64, NULL),
(1578, 3, 64, NULL),
(1579, 4, 64, NULL),
(1580, 5, 64, NULL),
(1581, 6, 64, NULL),
(1582, 7, 64, NULL),
(1583, 8, 64, NULL),
(1584, 9, 64, NULL),
(1585, 10, 64, NULL),
(1586, 11, 64, NULL),
(1587, 12, 64, NULL),
(1588, 13, 64, NULL),
(1589, 14, 64, NULL),
(1590, 15, 64, NULL),
(1591, 16, 64, NULL),
(1592, 17, 64, NULL),
(1593, 18, 64, NULL),
(1594, 19, 64, NULL),
(1595, 20, 64, NULL),
(1596, 21, 64, NULL),
(1597, 22, 64, NULL),
(1598, 23, 64, NULL),
(1599, 24, 64, NULL),
(1600, 25, 64, NULL),
(1601, 1, 65, NULL),
(1602, 2, 65, NULL),
(1603, 3, 65, NULL),
(1604, 4, 65, NULL),
(1605, 5, 65, NULL),
(1606, 6, 65, NULL),
(1607, 7, 65, NULL),
(1608, 8, 65, NULL),
(1609, 9, 65, NULL),
(1610, 10, 65, NULL),
(1611, 11, 65, NULL),
(1612, 12, 65, NULL),
(1613, 13, 65, NULL),
(1614, 14, 65, NULL),
(1615, 15, 65, NULL),
(1616, 16, 65, NULL),
(1617, 17, 65, NULL),
(1618, 18, 65, NULL),
(1619, 19, 65, NULL),
(1620, 20, 65, NULL),
(1621, 21, 65, NULL),
(1622, 22, 65, NULL),
(1623, 23, 65, NULL),
(1624, 24, 65, NULL),
(1625, 25, 65, NULL),
(1626, 1, 66, NULL),
(1627, 2, 66, NULL),
(1628, 3, 66, NULL),
(1629, 4, 66, NULL),
(1630, 5, 66, NULL),
(1631, 6, 66, NULL),
(1632, 7, 66, NULL),
(1633, 8, 66, NULL),
(1634, 9, 66, NULL),
(1635, 10, 66, NULL),
(1636, 11, 66, NULL),
(1637, 12, 66, NULL),
(1638, 13, 66, NULL),
(1639, 14, 66, NULL),
(1640, 15, 66, NULL),
(1641, 16, 66, NULL),
(1642, 17, 66, NULL),
(1643, 18, 66, NULL),
(1644, 19, 66, NULL),
(1645, 20, 66, NULL),
(1646, 21, 66, NULL),
(1647, 22, 66, NULL),
(1648, 23, 66, NULL),
(1649, 24, 66, NULL),
(1650, 25, 66, NULL),
(1651, 1, 67, NULL),
(1652, 2, 67, NULL),
(1653, 3, 67, NULL),
(1654, 4, 67, NULL),
(1655, 5, 67, NULL),
(1656, 6, 67, NULL),
(1657, 7, 67, NULL),
(1658, 8, 67, NULL),
(1659, 9, 67, NULL),
(1660, 10, 67, NULL),
(1661, 11, 67, NULL),
(1662, 12, 67, NULL),
(1663, 13, 67, NULL),
(1664, 14, 67, NULL),
(1665, 15, 67, NULL),
(1666, 16, 67, NULL),
(1667, 17, 67, NULL),
(1668, 18, 67, NULL),
(1669, 19, 67, NULL),
(1670, 20, 67, NULL),
(1671, 21, 67, NULL),
(1672, 22, 67, NULL),
(1673, 23, 67, NULL),
(1674, 24, 67, NULL),
(1675, 25, 67, NULL),
(1676, 1, 68, NULL),
(1677, 2, 68, NULL),
(1678, 3, 68, NULL),
(1679, 4, 68, NULL),
(1680, 5, 68, NULL),
(1681, 6, 68, NULL),
(1682, 7, 68, NULL),
(1683, 8, 68, NULL),
(1684, 9, 68, NULL),
(1685, 10, 68, NULL),
(1686, 11, 68, NULL),
(1687, 12, 68, NULL),
(1688, 13, 68, NULL),
(1689, 14, 68, NULL),
(1690, 15, 68, NULL),
(1691, 16, 68, NULL),
(1692, 17, 68, NULL),
(1693, 18, 68, NULL),
(1694, 19, 68, NULL),
(1695, 20, 68, NULL),
(1696, 21, 68, NULL),
(1697, 22, 68, NULL),
(1698, 23, 68, NULL),
(1699, 24, 68, NULL),
(1700, 25, 68, NULL),
(1701, 1, 69, NULL),
(1702, 2, 69, NULL),
(1703, 3, 69, NULL),
(1704, 4, 69, NULL),
(1705, 5, 69, NULL),
(1706, 6, 69, NULL),
(1707, 7, 69, NULL),
(1708, 8, 69, NULL),
(1709, 9, 69, NULL),
(1710, 10, 69, NULL),
(1711, 11, 69, NULL),
(1712, 12, 69, NULL),
(1713, 13, 69, NULL),
(1714, 14, 69, NULL),
(1715, 15, 69, NULL),
(1716, 16, 69, NULL),
(1717, 17, 69, NULL),
(1718, 18, 69, NULL),
(1719, 19, 69, NULL),
(1720, 20, 69, NULL),
(1721, 21, 69, NULL),
(1722, 22, 69, NULL),
(1723, 23, 69, NULL),
(1724, 24, 69, NULL),
(1725, 25, 69, NULL),
(1726, 1, 70, NULL),
(1727, 2, 70, NULL),
(1728, 3, 70, NULL),
(1729, 4, 70, NULL),
(1730, 5, 70, NULL),
(1731, 6, 70, NULL),
(1732, 7, 70, NULL),
(1733, 8, 70, NULL),
(1734, 9, 70, NULL),
(1735, 10, 70, NULL),
(1736, 11, 70, NULL),
(1737, 12, 70, NULL),
(1738, 13, 70, NULL),
(1739, 14, 70, NULL),
(1740, 15, 70, NULL),
(1741, 16, 70, NULL),
(1742, 17, 70, NULL),
(1743, 18, 70, NULL),
(1744, 19, 70, NULL),
(1745, 20, 70, NULL),
(1746, 21, 70, NULL),
(1747, 22, 70, NULL),
(1748, 23, 70, NULL),
(1749, 24, 70, NULL),
(1750, 25, 70, NULL),
(1751, 1, 71, NULL),
(1752, 2, 71, NULL),
(1753, 3, 71, NULL),
(1754, 4, 71, NULL),
(1755, 5, 71, NULL),
(1756, 6, 71, NULL),
(1757, 7, 71, NULL),
(1758, 8, 71, NULL),
(1759, 9, 71, NULL),
(1760, 10, 71, NULL),
(1761, 11, 71, NULL),
(1762, 12, 71, NULL),
(1763, 13, 71, NULL),
(1764, 14, 71, NULL),
(1765, 15, 71, NULL),
(1766, 16, 71, NULL),
(1767, 17, 71, NULL),
(1768, 18, 71, NULL),
(1769, 19, 71, NULL),
(1770, 20, 71, NULL),
(1771, 21, 71, NULL),
(1772, 22, 71, NULL),
(1773, 23, 71, NULL),
(1774, 24, 71, NULL),
(1775, 25, 71, NULL),
(1776, 1, 72, NULL),
(1777, 2, 72, NULL),
(1778, 3, 72, NULL),
(1779, 4, 72, NULL),
(1780, 5, 72, NULL),
(1781, 6, 72, NULL),
(1782, 7, 72, NULL),
(1783, 8, 72, NULL),
(1784, 9, 72, NULL),
(1785, 10, 72, NULL),
(1786, 11, 72, NULL),
(1787, 12, 72, NULL),
(1788, 13, 72, NULL),
(1789, 14, 72, NULL),
(1790, 15, 72, NULL),
(1791, 16, 72, NULL),
(1792, 17, 72, NULL),
(1793, 18, 72, NULL),
(1794, 19, 72, NULL),
(1795, 20, 72, NULL),
(1796, 21, 72, NULL),
(1797, 22, 72, NULL),
(1798, 23, 72, NULL),
(1799, 24, 72, NULL),
(1800, 25, 72, NULL),
(1801, 1, 73, NULL),
(1802, 2, 73, NULL),
(1803, 3, 73, NULL),
(1804, 4, 73, NULL),
(1805, 5, 73, NULL),
(1806, 6, 73, NULL),
(1807, 7, 73, NULL),
(1808, 8, 73, NULL),
(1809, 9, 73, NULL),
(1810, 10, 73, NULL),
(1811, 11, 73, NULL),
(1812, 12, 73, NULL),
(1813, 13, 73, NULL),
(1814, 14, 73, NULL),
(1815, 15, 73, NULL),
(1816, 16, 73, NULL),
(1817, 17, 73, NULL),
(1818, 18, 73, NULL),
(1819, 19, 73, NULL),
(1820, 20, 73, NULL),
(1821, 21, 73, NULL),
(1822, 22, 73, NULL),
(1823, 23, 73, NULL),
(1824, 24, 73, NULL),
(1825, 25, 73, NULL),
(1826, 1, 74, NULL),
(1827, 2, 74, NULL),
(1828, 3, 74, NULL),
(1829, 4, 74, NULL),
(1830, 5, 74, NULL),
(1831, 6, 74, NULL),
(1832, 7, 74, NULL),
(1833, 8, 74, NULL),
(1834, 9, 74, NULL),
(1835, 10, 74, NULL),
(1836, 11, 74, NULL),
(1837, 12, 74, NULL),
(1838, 13, 74, NULL),
(1839, 14, 74, NULL),
(1840, 15, 74, NULL),
(1841, 16, 74, NULL),
(1842, 17, 74, NULL),
(1843, 18, 74, NULL),
(1844, 19, 74, NULL),
(1845, 20, 74, NULL),
(1846, 21, 74, NULL),
(1847, 22, 74, NULL),
(1848, 23, 74, NULL),
(1849, 24, 74, NULL),
(1850, 25, 74, NULL),
(1851, 1, 75, NULL),
(1852, 2, 75, NULL),
(1853, 3, 75, NULL),
(1854, 4, 75, NULL),
(1855, 5, 75, NULL),
(1856, 6, 75, NULL),
(1857, 7, 75, NULL),
(1858, 8, 75, NULL),
(1859, 9, 75, NULL),
(1860, 10, 75, NULL),
(1861, 11, 75, NULL),
(1862, 12, 75, NULL),
(1863, 13, 75, NULL),
(1864, 14, 75, NULL),
(1865, 15, 75, NULL),
(1866, 16, 75, NULL),
(1867, 17, 75, NULL),
(1868, 18, 75, NULL),
(1869, 19, 75, NULL),
(1870, 20, 75, NULL),
(1871, 21, 75, NULL),
(1872, 22, 75, NULL),
(1873, 23, 75, NULL),
(1874, 24, 75, NULL),
(1875, 25, 75, NULL),
(1876, 1, 76, NULL),
(1877, 2, 76, NULL),
(1878, 3, 76, NULL),
(1879, 4, 76, NULL),
(1880, 5, 76, NULL),
(1881, 6, 76, NULL),
(1882, 7, 76, NULL),
(1883, 8, 76, NULL),
(1884, 9, 76, NULL),
(1885, 10, 76, NULL),
(1886, 11, 76, NULL),
(1887, 12, 76, NULL),
(1888, 13, 76, NULL),
(1889, 14, 76, NULL),
(1890, 15, 76, NULL),
(1891, 16, 76, NULL),
(1892, 17, 76, NULL),
(1893, 18, 76, NULL),
(1894, 19, 76, NULL),
(1895, 20, 76, NULL),
(1896, 21, 76, NULL),
(1897, 22, 76, NULL),
(1898, 23, 76, NULL),
(1899, 24, 76, NULL),
(1900, 25, 76, NULL),
(1901, 1, 77, NULL),
(1902, 2, 77, NULL),
(1903, 3, 77, NULL),
(1904, 4, 77, NULL),
(1905, 5, 77, NULL),
(1906, 6, 77, NULL),
(1907, 7, 77, NULL),
(1908, 8, 77, NULL),
(1909, 9, 77, NULL),
(1910, 10, 77, NULL),
(1911, 11, 77, NULL),
(1912, 12, 77, NULL),
(1913, 13, 77, NULL),
(1914, 14, 77, NULL),
(1915, 15, 77, NULL),
(1916, 16, 77, NULL),
(1917, 17, 77, NULL),
(1918, 18, 77, NULL),
(1919, 19, 77, NULL),
(1920, 20, 77, NULL),
(1921, 21, 77, NULL),
(1922, 22, 77, NULL),
(1923, 23, 77, NULL),
(1924, 24, 77, NULL),
(1925, 25, 77, NULL),
(1926, 1, 78, NULL),
(1927, 2, 78, NULL),
(1928, 3, 78, NULL),
(1929, 4, 78, NULL),
(1930, 5, 78, NULL),
(1931, 6, 78, NULL),
(1932, 7, 78, NULL),
(1933, 8, 78, NULL),
(1934, 9, 78, NULL),
(1935, 10, 78, NULL),
(1936, 11, 78, NULL),
(1937, 12, 78, NULL),
(1938, 13, 78, NULL),
(1939, 14, 78, NULL),
(1940, 15, 78, NULL),
(1941, 16, 78, NULL),
(1942, 17, 78, NULL),
(1943, 18, 78, NULL),
(1944, 19, 78, NULL),
(1945, 20, 78, NULL),
(1946, 21, 78, NULL),
(1947, 22, 78, NULL),
(1948, 23, 78, NULL),
(1949, 24, 78, NULL),
(1950, 25, 78, NULL),
(1951, 1, 79, NULL),
(1952, 2, 79, NULL),
(1953, 3, 79, NULL),
(1954, 4, 79, NULL),
(1955, 5, 79, NULL),
(1956, 6, 79, NULL),
(1957, 7, 79, NULL),
(1958, 8, 79, NULL),
(1959, 9, 79, NULL),
(1960, 10, 79, NULL),
(1961, 11, 79, NULL),
(1962, 12, 79, NULL),
(1963, 13, 79, NULL),
(1964, 14, 79, NULL),
(1965, 15, 79, NULL),
(1966, 16, 79, NULL),
(1967, 17, 79, NULL),
(1968, 18, 79, NULL),
(1969, 19, 79, NULL),
(1970, 20, 79, NULL),
(1971, 21, 79, NULL),
(1972, 22, 79, NULL),
(1973, 23, 79, NULL),
(1974, 24, 79, NULL),
(1975, 25, 79, NULL),
(1976, 1, 80, NULL),
(1977, 2, 80, NULL),
(1978, 3, 80, NULL),
(1979, 4, 80, NULL),
(1980, 5, 80, NULL),
(1981, 6, 80, NULL),
(1982, 7, 80, NULL),
(1983, 8, 80, NULL),
(1984, 9, 80, NULL),
(1985, 10, 80, NULL),
(1986, 11, 80, NULL),
(1987, 12, 80, NULL),
(1988, 13, 80, NULL),
(1989, 14, 80, NULL),
(1990, 15, 80, NULL),
(1991, 16, 80, NULL),
(1992, 17, 80, NULL),
(1993, 18, 80, NULL),
(1994, 19, 80, NULL),
(1995, 20, 80, NULL),
(1996, 21, 80, NULL),
(1997, 22, 80, NULL),
(1998, 23, 80, NULL),
(1999, 24, 80, NULL),
(2000, 25, 80, NULL),
(2001, 1, 81, NULL),
(2002, 2, 81, NULL),
(2003, 3, 81, NULL),
(2004, 4, 81, NULL),
(2005, 5, 81, NULL),
(2006, 6, 81, NULL),
(2007, 7, 81, NULL),
(2008, 8, 81, NULL),
(2009, 9, 81, NULL),
(2010, 10, 81, NULL),
(2011, 11, 81, NULL),
(2012, 12, 81, NULL),
(2013, 13, 81, NULL),
(2014, 14, 81, NULL),
(2015, 15, 81, NULL),
(2016, 16, 81, NULL),
(2017, 17, 81, NULL),
(2018, 18, 81, NULL),
(2019, 19, 81, NULL),
(2020, 20, 81, NULL),
(2021, 21, 81, NULL),
(2022, 22, 81, NULL),
(2023, 23, 81, NULL),
(2024, 24, 81, NULL),
(2025, 25, 81, NULL),
(2026, 1, 82, NULL),
(2027, 2, 82, NULL),
(2028, 3, 82, NULL),
(2029, 4, 82, NULL),
(2030, 5, 82, NULL),
(2031, 6, 82, NULL),
(2032, 7, 82, NULL),
(2033, 8, 82, NULL),
(2034, 9, 82, NULL),
(2035, 10, 82, NULL),
(2036, 11, 82, NULL),
(2037, 12, 82, NULL),
(2038, 13, 82, NULL),
(2039, 14, 82, NULL),
(2040, 15, 82, NULL),
(2041, 16, 82, NULL),
(2042, 17, 82, NULL),
(2043, 18, 82, NULL),
(2044, 19, 82, NULL),
(2045, 20, 82, NULL),
(2046, 21, 82, NULL),
(2047, 22, 82, NULL),
(2048, 23, 82, NULL),
(2049, 24, 82, NULL),
(2050, 25, 82, NULL),
(2051, 1, 83, NULL),
(2052, 2, 83, NULL),
(2053, 3, 83, NULL),
(2054, 4, 83, NULL),
(2055, 5, 83, NULL),
(2056, 6, 83, NULL),
(2057, 7, 83, NULL),
(2058, 8, 83, NULL),
(2059, 9, 83, NULL),
(2060, 10, 83, NULL),
(2061, 11, 83, NULL),
(2062, 12, 83, NULL),
(2063, 13, 83, NULL),
(2064, 14, 83, NULL),
(2065, 15, 83, NULL),
(2066, 16, 83, NULL),
(2067, 17, 83, NULL),
(2068, 18, 83, NULL),
(2069, 19, 83, NULL),
(2070, 20, 83, NULL),
(2071, 21, 83, NULL),
(2072, 22, 83, NULL),
(2073, 23, 83, NULL),
(2074, 24, 83, NULL),
(2075, 25, 83, NULL),
(2076, 1, 84, NULL),
(2077, 2, 84, NULL),
(2078, 3, 84, NULL),
(2079, 4, 84, NULL),
(2080, 5, 84, NULL),
(2081, 6, 84, NULL),
(2082, 7, 84, NULL),
(2083, 8, 84, NULL),
(2084, 9, 84, NULL),
(2085, 10, 84, NULL),
(2086, 11, 84, NULL),
(2087, 12, 84, NULL),
(2088, 13, 84, NULL),
(2089, 14, 84, NULL),
(2090, 15, 84, NULL),
(2091, 16, 84, NULL),
(2092, 17, 84, NULL),
(2093, 18, 84, NULL),
(2094, 19, 84, NULL),
(2095, 20, 84, NULL),
(2096, 21, 84, NULL),
(2097, 22, 84, NULL),
(2098, 23, 84, NULL),
(2099, 24, 84, NULL),
(2100, 25, 84, NULL),
(2101, 1, 85, NULL),
(2102, 2, 85, NULL),
(2103, 3, 85, NULL),
(2104, 4, 85, NULL),
(2105, 5, 85, NULL),
(2106, 6, 85, NULL),
(2107, 7, 85, NULL),
(2108, 8, 85, NULL),
(2109, 9, 85, NULL),
(2110, 10, 85, NULL),
(2111, 11, 85, NULL),
(2112, 12, 85, NULL),
(2113, 13, 85, NULL),
(2114, 14, 85, NULL),
(2115, 15, 85, NULL),
(2116, 16, 85, NULL),
(2117, 17, 85, NULL),
(2118, 18, 85, NULL),
(2119, 19, 85, NULL),
(2120, 20, 85, NULL),
(2121, 21, 85, NULL),
(2122, 22, 85, NULL),
(2123, 23, 85, NULL),
(2124, 24, 85, NULL),
(2125, 25, 85, NULL),
(2126, 1, 86, NULL),
(2127, 2, 86, NULL),
(2128, 3, 86, NULL),
(2129, 4, 86, NULL),
(2130, 5, 86, NULL),
(2131, 6, 86, NULL),
(2132, 7, 86, NULL),
(2133, 8, 86, NULL),
(2134, 9, 86, NULL),
(2135, 10, 86, NULL),
(2136, 11, 86, NULL),
(2137, 12, 86, NULL),
(2138, 13, 86, NULL),
(2139, 14, 86, NULL),
(2140, 15, 86, NULL),
(2141, 16, 86, NULL),
(2142, 17, 86, NULL),
(2143, 18, 86, NULL),
(2144, 19, 86, NULL),
(2145, 20, 86, NULL),
(2146, 21, 86, NULL),
(2147, 22, 86, NULL),
(2148, 23, 86, NULL),
(2149, 24, 86, NULL),
(2150, 25, 86, NULL),
(2151, 1, 87, NULL),
(2152, 2, 87, NULL),
(2153, 3, 87, NULL),
(2154, 4, 87, NULL),
(2155, 5, 87, NULL),
(2156, 6, 87, NULL),
(2157, 7, 87, NULL),
(2158, 8, 87, NULL),
(2159, 9, 87, NULL),
(2160, 10, 87, NULL),
(2161, 11, 87, NULL),
(2162, 12, 87, NULL),
(2163, 13, 87, NULL),
(2164, 14, 87, NULL),
(2165, 15, 87, NULL),
(2166, 16, 87, NULL),
(2167, 17, 87, NULL),
(2168, 18, 87, NULL),
(2169, 19, 87, NULL),
(2170, 20, 87, NULL),
(2171, 21, 87, NULL),
(2172, 22, 87, NULL),
(2173, 23, 87, NULL),
(2174, 24, 87, NULL),
(2175, 25, 87, NULL),
(2176, 1, 88, NULL),
(2177, 2, 88, NULL),
(2178, 3, 88, NULL),
(2179, 4, 88, NULL),
(2180, 5, 88, NULL),
(2181, 6, 88, NULL),
(2182, 7, 88, NULL),
(2183, 8, 88, NULL),
(2184, 9, 88, NULL),
(2185, 10, 88, NULL),
(2186, 11, 88, NULL),
(2187, 12, 88, NULL),
(2188, 13, 88, NULL),
(2189, 14, 88, NULL),
(2190, 15, 88, NULL),
(2191, 16, 88, NULL),
(2192, 17, 88, NULL),
(2193, 18, 88, NULL),
(2194, 19, 88, NULL),
(2195, 20, 88, NULL),
(2196, 21, 88, NULL),
(2197, 22, 88, NULL),
(2198, 23, 88, NULL),
(2199, 24, 88, NULL),
(2200, 25, 88, NULL),
(2201, 1, 89, NULL),
(2202, 2, 89, NULL),
(2203, 3, 89, NULL),
(2204, 4, 89, NULL),
(2205, 5, 89, NULL),
(2206, 6, 89, NULL),
(2207, 7, 89, NULL),
(2208, 8, 89, NULL),
(2209, 9, 89, NULL),
(2210, 10, 89, NULL),
(2211, 11, 89, NULL),
(2212, 12, 89, NULL),
(2213, 13, 89, NULL),
(2214, 14, 89, NULL),
(2215, 15, 89, NULL),
(2216, 16, 89, NULL),
(2217, 17, 89, NULL),
(2218, 18, 89, NULL),
(2219, 19, 89, NULL),
(2220, 20, 89, NULL),
(2221, 21, 89, NULL),
(2222, 22, 89, NULL),
(2223, 23, 89, NULL),
(2224, 24, 89, NULL),
(2225, 25, 89, NULL),
(2226, 1, 90, NULL),
(2227, 2, 90, NULL),
(2228, 3, 90, NULL),
(2229, 4, 90, NULL),
(2230, 5, 90, NULL),
(2231, 6, 90, NULL),
(2232, 7, 90, NULL),
(2233, 8, 90, NULL),
(2234, 9, 90, NULL),
(2235, 10, 90, NULL),
(2236, 11, 90, NULL),
(2237, 12, 90, NULL),
(2238, 13, 90, NULL),
(2239, 14, 90, NULL),
(2240, 15, 90, NULL),
(2241, 16, 90, NULL),
(2242, 17, 90, NULL),
(2243, 18, 90, NULL),
(2244, 19, 90, NULL),
(2245, 20, 90, NULL),
(2246, 21, 90, NULL),
(2247, 22, 90, NULL),
(2248, 23, 90, NULL),
(2249, 24, 90, NULL),
(2250, 25, 90, NULL),
(2251, 1, 91, NULL),
(2252, 2, 91, NULL),
(2253, 3, 91, NULL),
(2254, 4, 91, NULL),
(2255, 5, 91, NULL),
(2256, 6, 91, NULL),
(2257, 7, 91, NULL),
(2258, 8, 91, NULL),
(2259, 9, 91, NULL),
(2260, 10, 91, NULL),
(2261, 11, 91, NULL),
(2262, 12, 91, NULL),
(2263, 13, 91, NULL),
(2264, 14, 91, NULL),
(2265, 15, 91, NULL),
(2266, 16, 91, NULL),
(2267, 17, 91, NULL),
(2268, 18, 91, NULL),
(2269, 19, 91, NULL),
(2270, 20, 91, NULL),
(2271, 21, 91, NULL),
(2272, 22, 91, NULL),
(2273, 23, 91, NULL),
(2274, 24, 91, NULL),
(2275, 25, 91, NULL),
(2276, 1, 92, NULL),
(2277, 2, 92, NULL),
(2278, 3, 92, NULL),
(2279, 4, 92, NULL),
(2280, 5, 92, NULL),
(2281, 6, 92, NULL),
(2282, 7, 92, NULL),
(2283, 8, 92, NULL),
(2284, 9, 92, NULL),
(2285, 10, 92, NULL),
(2286, 11, 92, NULL),
(2287, 12, 92, NULL),
(2288, 13, 92, NULL),
(2289, 14, 92, NULL),
(2290, 15, 92, NULL),
(2291, 16, 92, NULL),
(2292, 17, 92, NULL),
(2293, 18, 92, NULL),
(2294, 19, 92, NULL),
(2295, 20, 92, NULL),
(2296, 21, 92, NULL),
(2297, 22, 92, NULL),
(2298, 23, 92, NULL),
(2299, 24, 92, NULL),
(2300, 25, 92, NULL),
(2301, 1, 93, NULL),
(2302, 2, 93, NULL),
(2303, 3, 93, NULL),
(2304, 4, 93, NULL),
(2305, 5, 93, NULL),
(2306, 6, 93, NULL),
(2307, 7, 93, NULL),
(2308, 8, 93, NULL),
(2309, 9, 93, NULL),
(2310, 10, 93, NULL),
(2311, 11, 93, NULL),
(2312, 12, 93, NULL),
(2313, 13, 93, NULL),
(2314, 14, 93, NULL),
(2315, 15, 93, NULL),
(2316, 16, 93, NULL),
(2317, 17, 93, NULL),
(2318, 18, 93, NULL),
(2319, 19, 93, NULL),
(2320, 20, 93, NULL),
(2321, 21, 93, NULL),
(2322, 22, 93, NULL),
(2323, 23, 93, NULL),
(2324, 24, 93, NULL),
(2325, 25, 93, NULL),
(2326, 1, 94, NULL),
(2327, 2, 94, NULL),
(2328, 3, 94, NULL),
(2329, 4, 94, NULL),
(2330, 5, 94, NULL),
(2331, 6, 94, NULL),
(2332, 7, 94, NULL),
(2333, 8, 94, NULL),
(2334, 9, 94, NULL),
(2335, 10, 94, NULL),
(2336, 11, 94, NULL),
(2337, 12, 94, NULL),
(2338, 13, 94, NULL),
(2339, 14, 94, NULL),
(2340, 15, 94, NULL),
(2341, 16, 94, NULL),
(2342, 17, 94, NULL),
(2343, 18, 94, NULL),
(2344, 19, 94, NULL),
(2345, 20, 94, NULL),
(2346, 21, 94, NULL),
(2347, 22, 94, NULL),
(2348, 23, 94, NULL),
(2349, 24, 94, NULL),
(2350, 25, 94, NULL),
(2351, 1, 95, NULL),
(2352, 2, 95, NULL),
(2353, 3, 95, NULL),
(2354, 4, 95, NULL),
(2355, 5, 95, NULL),
(2356, 6, 95, NULL),
(2357, 7, 95, NULL),
(2358, 8, 95, NULL),
(2359, 9, 95, NULL),
(2360, 10, 95, NULL),
(2361, 11, 95, NULL),
(2362, 12, 95, NULL),
(2363, 13, 95, NULL),
(2364, 14, 95, NULL),
(2365, 15, 95, NULL),
(2366, 16, 95, NULL),
(2367, 17, 95, NULL),
(2368, 18, 95, NULL),
(2369, 19, 95, NULL),
(2370, 20, 95, NULL),
(2371, 21, 95, NULL),
(2372, 22, 95, NULL),
(2373, 23, 95, NULL),
(2374, 24, 95, NULL),
(2375, 25, 95, NULL),
(2376, 1, 96, NULL),
(2377, 2, 96, NULL),
(2378, 3, 96, NULL),
(2379, 4, 96, NULL),
(2380, 5, 96, NULL),
(2381, 6, 96, NULL),
(2382, 7, 96, NULL),
(2383, 8, 96, NULL),
(2384, 9, 96, NULL),
(2385, 10, 96, NULL),
(2386, 11, 96, NULL),
(2387, 12, 96, NULL),
(2388, 13, 96, NULL),
(2389, 14, 96, NULL),
(2390, 15, 96, NULL),
(2391, 16, 96, NULL),
(2392, 17, 96, NULL),
(2393, 18, 96, NULL),
(2394, 19, 96, NULL),
(2395, 20, 96, NULL),
(2396, 21, 96, NULL),
(2397, 22, 96, NULL),
(2398, 23, 96, NULL),
(2399, 24, 96, NULL),
(2400, 25, 96, NULL),
(2401, 1, 97, NULL),
(2402, 2, 97, NULL),
(2403, 3, 97, NULL),
(2404, 4, 97, NULL),
(2405, 5, 97, NULL),
(2406, 6, 97, NULL),
(2407, 7, 97, NULL),
(2408, 8, 97, NULL),
(2409, 9, 97, NULL),
(2410, 10, 97, NULL),
(2411, 11, 97, NULL),
(2412, 12, 97, NULL),
(2413, 13, 97, NULL),
(2414, 14, 97, NULL),
(2415, 15, 97, NULL),
(2416, 16, 97, NULL),
(2417, 17, 97, NULL),
(2418, 18, 97, NULL),
(2419, 19, 97, NULL),
(2420, 20, 97, NULL),
(2421, 21, 97, NULL),
(2422, 22, 97, NULL),
(2423, 23, 97, NULL),
(2424, 24, 97, NULL),
(2425, 25, 97, NULL),
(2426, 1, 98, NULL),
(2427, 2, 98, NULL),
(2428, 3, 98, NULL),
(2429, 4, 98, NULL),
(2430, 5, 98, NULL),
(2431, 6, 98, NULL),
(2432, 7, 98, NULL),
(2433, 8, 98, NULL),
(2434, 9, 98, NULL),
(2435, 10, 98, NULL),
(2436, 11, 98, NULL),
(2437, 12, 98, NULL),
(2438, 13, 98, NULL),
(2439, 14, 98, NULL),
(2440, 15, 98, NULL),
(2441, 16, 98, NULL),
(2442, 17, 98, NULL),
(2443, 18, 98, NULL),
(2444, 19, 98, NULL),
(2445, 20, 98, NULL),
(2446, 21, 98, NULL),
(2447, 22, 98, NULL),
(2448, 23, 98, NULL),
(2449, 24, 98, NULL),
(2450, 25, 98, NULL),
(2451, 1, 99, NULL),
(2452, 2, 99, NULL),
(2453, 3, 99, NULL),
(2454, 4, 99, NULL),
(2455, 5, 99, NULL),
(2456, 6, 99, NULL),
(2457, 7, 99, NULL),
(2458, 8, 99, NULL),
(2459, 9, 99, NULL),
(2460, 10, 99, NULL),
(2461, 11, 99, NULL),
(2462, 12, 99, NULL),
(2463, 13, 99, NULL),
(2464, 14, 99, NULL),
(2465, 15, 99, NULL),
(2466, 16, 99, NULL),
(2467, 17, 99, NULL),
(2468, 18, 99, NULL),
(2469, 19, 99, NULL),
(2470, 20, 99, NULL),
(2471, 21, 99, NULL),
(2472, 22, 99, NULL),
(2473, 23, 99, NULL),
(2474, 24, 99, NULL),
(2475, 25, 99, NULL),
(2476, 1, 100, NULL),
(2477, 2, 100, NULL),
(2478, 3, 100, NULL),
(2479, 4, 100, NULL),
(2480, 5, 100, NULL),
(2481, 6, 100, NULL),
(2482, 7, 100, NULL),
(2483, 8, 100, NULL),
(2484, 9, 100, NULL),
(2485, 10, 100, NULL),
(2486, 11, 100, NULL),
(2487, 12, 100, NULL),
(2488, 13, 100, NULL),
(2489, 14, 100, NULL),
(2490, 15, 100, NULL),
(2491, 16, 100, NULL),
(2492, 17, 100, NULL),
(2493, 18, 100, NULL),
(2494, 19, 100, NULL),
(2495, 20, 100, NULL),
(2496, 21, 100, NULL),
(2497, 22, 100, NULL),
(2498, 23, 100, NULL),
(2499, 24, 100, NULL),
(2500, 25, 100, NULL),
(2501, 5, 101, NULL),
(2502, 1, 101, 123),
(2503, 45, 1, 12);

-- --------------------------------------------------------

--
-- Struttura della tabella `prestazione`
--

CREATE TABLE IF NOT EXISTS `prestazione` (
  `ID_PRESTAZIONE` int(11) unsigned NOT NULL AUTO_INCREMENT,
  `ISCRIZIONE` int(11) unsigned NOT NULL,
  `TIPO_PRESTAZIONE` int(11) unsigned NOT NULL,
  `TIPO_MISURA` int(11) unsigned NOT NULL,
  `VALORE_MISURA` int(11) unsigned NOT NULL,
  PRIMARY KEY (`ID_PRESTAZIONE`),
  UNIQUE KEY `ID_PRESTAZIONE` (`ID_PRESTAZIONE`),
  KEY `ID_PRESTAZIONE_2` (`ID_PRESTAZIONE`)
) ENGINE=MyISAM  DEFAULT CHARSET=latin1 AUTO_INCREMENT=2501 ;

--
-- Dump dei dati per la tabella `prestazione`
--

INSERT INTO `prestazione` (`ID_PRESTAZIONE`, `ISCRIZIONE`, `TIPO_PRESTAZIONE`, `TIPO_MISURA`, `VALORE_MISURA`) VALUES
(1, 1, 1, 1, 8330953),
(2, 2, 4, 1, 2846373),
(3, 3, 1, 1, 529650),
(4, 4, 1, 1, 96573),
(5, 5, 1, 1, 8165800),
(6, 6, 3, 1, 5897117),
(7, 7, 1, 1, 8174350),
(8, 8, 1, 1, 9719410),
(9, 9, 5, 1, 5969343),
(10, 10, 1, 1, 6805560),
(11, 11, 1, 1, 2978411),
(12, 12, 1, 1, 2807443),
(13, 13, 1, 1, 7320652),
(14, 14, 2, 1, 3980076),
(15, 15, 1, 1, 2623832),
(16, 16, 1, 1, 2108659),
(17, 17, 1, 1, 3041151),
(18, 18, 1, 1, 9729955),
(19, 19, 1, 1, 8595686),
(20, 20, 1, 1, 2024117),
(21, 21, 1, 1, 8202368),
(22, 22, 2, 1, 7793761),
(23, 23, 1, 1, 6149729),
(24, 24, 1, 1, 4160269),
(25, 25, 1, 1, 5929455),
(26, 26, 1, 1, 1596470),
(27, 27, 1, 1, 6450194),
(28, 28, 1, 1, 6439790),
(29, 29, 2, 1, 4638480),
(30, 30, 1, 1, 3506678),
(31, 31, 1, 1, 3895672),
(32, 32, 1, 1, 8429914),
(33, 33, 1, 1, 4933381),
(34, 34, 1, 1, 7093686),
(35, 35, 1, 1, 8145078),
(36, 36, 4, 1, 2432046),
(37, 37, 1, 1, 288865),
(38, 38, 1, 1, 8925318),
(39, 39, 3, 1, 2162388),
(40, 40, 1, 1, 4573668),
(41, 41, 1, 1, 3858419),
(42, 42, 1, 1, 3800799),
(43, 43, 1, 1, 4717942),
(44, 44, 1, 1, 2653338),
(45, 45, 1, 1, 2272007),
(46, 46, 2, 1, 7479069),
(47, 47, 1, 1, 8215756),
(48, 48, 1, 1, 7811839),
(49, 49, 1, 1, 6125894),
(50, 50, 1, 1, 3941404),
(51, 51, 1, 1, 460441),
(52, 52, 1, 1, 5237307),
(53, 53, 2, 1, 6017451),
(54, 54, 1, 1, 18248),
(55, 55, 1, 1, 2033945),
(56, 56, 1, 1, 5059422),
(57, 57, 1, 1, 2440673),
(58, 58, 1, 1, 8813661),
(59, 59, 1, 1, 9321488),
(60, 60, 1, 1, 8347519),
(61, 61, 1, 1, 7633525),
(62, 62, 1, 1, 4776805),
(63, 63, 4, 1, 6907706),
(64, 64, 1, 1, 4699747),
(65, 65, 1, 1, 7556158),
(66, 66, 1, 1, 7498423),
(67, 67, 1, 1, 2058142),
(68, 68, 1, 1, 7295159),
(69, 69, 1, 1, 2579370),
(70, 70, 3, 1, 8351254),
(71, 71, 1, 1, 8307876),
(72, 72, 1, 1, 8477876),
(73, 73, 2, 1, 6175633),
(74, 74, 1, 1, 3946871),
(75, 75, 1, 1, 4798239),
(76, 76, 1, 1, 3952268),
(77, 77, 1, 1, 1930365),
(78, 78, 1, 1, 3047414),
(79, 79, 1, 1, 2934151),
(80, 80, 1, 1, 6490309),
(81, 81, 1, 1, 529023),
(82, 82, 1, 1, 9049240),
(83, 83, 1, 1, 2178831),
(84, 84, 1, 1, 687071),
(85, 85, 2, 1, 25993),
(86, 86, 1, 1, 8446500),
(87, 87, 1, 1, 2359201),
(88, 88, 1, 1, 8747574),
(89, 89, 1, 1, 4664133),
(90, 90, 1, 1, 6786177),
(91, 91, 1, 1, 724493),
(92, 92, 1, 1, 3547959),
(93, 93, 1, 1, 9789217),
(94, 94, 2, 1, 7542145),
(95, 95, 1, 1, 8182186),
(96, 96, 1, 1, 9286250),
(97, 97, 1, 1, 2991429),
(98, 98, 1, 1, 6064307),
(99, 99, 1, 1, 629553),
(100, 100, 1, 1, 1922696),
(101, 101, 1, 1, 4506429),
(102, 102, 1, 1, 299901),
(103, 103, 3, 1, 8105724),
(104, 104, 1, 1, 1306991),
(105, 105, 1, 1, 3121420),
(106, 106, 1, 1, 2337566),
(107, 107, 1, 1, 6608327),
(108, 108, 1, 1, 4399402),
(109, 109, 1, 1, 7357029),
(110, 110, 1, 1, 9990791),
(111, 111, 1, 1, 4850398),
(112, 112, 2, 1, 4315117),
(113, 113, 1, 1, 5533700),
(114, 114, 1, 1, 5615862),
(115, 115, 1, 1, 977403),
(116, 116, 1, 1, 3055890),
(117, 117, 1, 1, 2481701),
(118, 118, 1, 1, 150470),
(119, 119, 1, 1, 2320838),
(120, 120, 1, 1, 6740326),
(121, 121, 1, 1, 5116724),
(122, 122, 1, 1, 3962626),
(123, 123, 1, 1, 4634040),
(124, 124, 1, 1, 903900),
(125, 125, 1, 1, 3878454),
(126, 126, 1, 1, 2515562),
(127, 127, 1, 1, 5937454),
(128, 128, 1, 1, 12100),
(129, 129, 1, 1, 2117376),
(130, 130, 2, 1, 4082821),
(131, 131, 1, 1, 4094758),
(132, 132, 1, 1, 9714810),
(133, 133, 1, 1, 915475),
(134, 134, 1, 1, 8788728),
(135, 135, 1, 1, 6547891),
(136, 136, 1, 1, 2567357),
(137, 137, 1, 1, 2539379),
(138, 138, 1, 1, 3102969),
(139, 139, 3, 1, 5258160),
(140, 140, 1, 1, 7953375),
(141, 141, 1, 1, 1749873),
(142, 142, 1, 1, 1584033),
(143, 143, 2, 1, 9832245),
(144, 144, 1, 1, 4766921),
(145, 145, 1, 1, 529630),
(146, 146, 1, 1, 8144744),
(147, 147, 1, 1, 7056067),
(148, 148, 1, 1, 1046061),
(149, 149, 1, 1, 8441363),
(150, 150, 1, 1, 2404177),
(151, 151, 1, 1, 5616122),
(152, 152, 1, 1, 8197362),
(153, 153, 1, 1, 7791510),
(154, 154, 1, 1, 2793726),
(155, 155, 1, 1, 657018),
(156, 156, 5, 1, 8710544),
(157, 157, 1, 1, 49967),
(158, 158, 1, 1, 7001143),
(159, 159, 1, 1, 4005601),
(160, 160, 1, 1, 5334782),
(161, 161, 2, 1, 7564232),
(162, 162, 1, 1, 2064845),
(163, 163, 1, 1, 2386201),
(164, 164, 4, 1, 6572914),
(165, 165, 1, 1, 2506777),
(166, 166, 1, 1, 971837),
(167, 167, 1, 1, 7758148),
(168, 168, 1, 1, 8047096),
(169, 169, 1, 1, 3207290),
(170, 170, 1, 1, 9966095),
(171, 171, 1, 1, 1025878),
(172, 172, 3, 1, 1799176),
(173, 173, 1, 1, 6546862),
(174, 174, 1, 1, 940268),
(175, 175, 1, 1, 2803565),
(176, 176, 1, 1, 5911378),
(177, 177, 1, 1, 3929080),
(178, 178, 1, 1, 6262081),
(179, 179, 1, 1, 2660368),
(180, 180, 1, 1, 4967585),
(181, 181, 1, 1, 7493358),
(182, 182, 1, 1, 9177844),
(183, 183, 1, 1, 1329021),
(184, 184, 1, 1, 7822837),
(185, 185, 1, 1, 2698744),
(186, 186, 1, 1, 1538954),
(187, 187, 1, 1, 8729637),
(188, 188, 1, 1, 2908393),
(189, 189, 1, 1, 3181832),
(190, 190, 1, 1, 2013343),
(191, 191, 2, 1, 4342229),
(192, 192, 1, 1, 2871973),
(193, 193, 1, 1, 3880299),
(194, 194, 1, 1, 2172297),
(195, 195, 1, 1, 5455590),
(196, 196, 1, 1, 9737570),
(197, 197, 1, 1, 8813955),
(198, 198, 1, 1, 4884109),
(199, 199, 1, 1, 3126845),
(200, 200, 1, 1, 8966493),
(201, 201, 1, 1, 628131),
(202, 202, 1, 1, 9299537),
(203, 203, 4, 1, 5305079),
(204, 204, 1, 1, 5811045),
(205, 205, 1, 1, 29566),
(206, 206, 1, 1, 9380059),
(207, 207, 1, 1, 1504130),
(208, 208, 3, 1, 174534),
(209, 209, 1, 1, 4582892),
(210, 210, 1, 1, 8398428),
(211, 211, 1, 1, 3653744),
(212, 212, 1, 1, 6826055),
(213, 213, 1, 1, 7986176),
(214, 214, 1, 1, 132042),
(215, 215, 1, 1, 3314959),
(216, 216, 1, 1, 6265767),
(217, 217, 1, 1, 2906880),
(218, 218, 2, 1, 8573177),
(219, 219, 1, 1, 6314699),
(220, 220, 1, 1, 7796143),
(221, 221, 1, 1, 2734992),
(222, 222, 1, 1, 1896119),
(223, 223, 1, 1, 2036218),
(224, 224, 1, 1, 426935),
(225, 225, 1, 1, 197963),
(226, 226, 1, 1, 3149776),
(227, 227, 1, 1, 6096163),
(228, 228, 1, 1, 9126377),
(229, 229, 1, 1, 3682496),
(230, 230, 1, 1, 9685338),
(231, 231, 1, 1, 1945676),
(232, 232, 4, 1, 3628393),
(233, 233, 1, 1, 5321092),
(234, 234, 1, 1, 5682101),
(235, 235, 1, 1, 9052082),
(236, 236, 1, 1, 4515356),
(237, 237, 1, 1, 8426674),
(238, 238, 1, 1, 7300548),
(239, 239, 1, 1, 2749372),
(240, 240, 1, 1, 6618215),
(241, 241, 1, 1, 5696497),
(242, 242, 2, 1, 7970337),
(243, 243, 1, 1, 3589800),
(244, 244, 1, 1, 2910553),
(245, 245, 1, 1, 3756930),
(246, 246, 1, 1, 2111826),
(247, 247, 1, 1, 2085591),
(248, 248, 1, 1, 3020424),
(249, 249, 1, 1, 4083598),
(250, 250, 1, 1, 9193299),
(251, 251, 5, 1, 8098855),
(252, 252, 1, 1, 9243572),
(253, 253, 1, 1, 5106764),
(254, 254, 1, 1, 6442078),
(255, 255, 1, 1, 2819492),
(256, 256, 3, 1, 9513907),
(257, 257, 1, 1, 5399708),
(258, 258, 1, 1, 7756201),
(259, 259, 1, 1, 5264955),
(260, 260, 1, 1, 1171870),
(261, 261, 1, 1, 3248269),
(262, 262, 1, 1, 8404376),
(263, 263, 1, 1, 4542446),
(264, 264, 1, 1, 1568591),
(265, 265, 1, 1, 3612591),
(266, 266, 1, 1, 9955448),
(267, 267, 1, 1, 3733192),
(268, 268, 1, 1, 1553515),
(269, 269, 1, 1, 9517514),
(270, 270, 1, 1, 7544590),
(271, 271, 1, 1, 1190147),
(272, 272, 1, 1, 5715420),
(273, 273, 1, 1, 1245937),
(274, 274, 1, 1, 2062004),
(275, 275, 2, 1, 284566),
(276, 276, 1, 1, 8881536),
(277, 277, 1, 1, 3359874),
(278, 278, 1, 1, 3140879),
(279, 279, 1, 1, 9193563),
(280, 280, 1, 1, 1826720),
(281, 281, 1, 1, 6536810),
(282, 282, 1, 1, 4924900),
(283, 283, 1, 1, 8189881),
(284, 284, 1, 1, 404433),
(285, 285, 1, 1, 8484362),
(286, 286, 4, 1, 5511613),
(287, 287, 1, 1, 3076784),
(288, 288, 1, 1, 1383494),
(289, 289, 1, 1, 5784133),
(290, 290, 1, 1, 2696452),
(291, 291, 1, 1, 9905060),
(292, 292, 1, 1, 5159400),
(293, 293, 1, 1, 6416041),
(294, 294, 1, 1, 3183273),
(295, 295, 1, 1, 7915834),
(296, 296, 1, 1, 206217),
(297, 297, 1, 1, 927290),
(298, 298, 1, 1, 9780737),
(299, 299, 2, 1, 4771966),
(300, 300, 1, 1, 6644843),
(301, 301, 1, 1, 8735564),
(302, 302, 1, 1, 1269899),
(303, 303, 1, 1, 572505),
(304, 304, 1, 1, 6625707),
(305, 305, 1, 1, 4893875),
(306, 306, 1, 1, 2606904),
(307, 307, 1, 1, 4888768),
(308, 308, 1, 1, 7358726),
(309, 309, 1, 1, 1794917),
(310, 310, 3, 1, 8915652),
(311, 311, 1, 1, 4117279),
(312, 312, 1, 1, 8570605),
(313, 313, 1, 1, 9755679),
(314, 314, 1, 1, 5328878),
(315, 315, 1, 1, 4813934),
(316, 316, 5, 1, 9929341),
(317, 317, 1, 1, 198408),
(318, 318, 1, 1, 6152045),
(319, 319, 1, 1, 2355401),
(320, 320, 1, 1, 5548056),
(321, 321, 1, 1, 5231969),
(322, 322, 1, 1, 1053012),
(323, 323, 2, 1, 3267900),
(324, 324, 1, 1, 2065035),
(325, 325, 1, 1, 7837992),
(326, 326, 1, 1, 3021416),
(327, 327, 1, 1, 3870161),
(328, 328, 1, 1, 3994135),
(329, 329, 1, 1, 7579110),
(330, 330, 1, 1, 2695262),
(331, 331, 1, 1, 7496481),
(332, 332, 1, 1, 5049474),
(333, 333, 1, 1, 7771971),
(334, 334, 1, 1, 6318189),
(335, 335, 1, 1, 7497453),
(336, 336, 1, 1, 6970588),
(337, 337, 4, 1, 1405609),
(338, 338, 1, 1, 69435),
(339, 339, 1, 1, 3460089),
(340, 340, 1, 1, 8009005),
(341, 341, 1, 1, 4736141),
(342, 342, 1, 1, 1799503),
(343, 343, 1, 1, 3645669),
(344, 344, 1, 1, 1684451),
(345, 345, 1, 1, 9451639),
(346, 346, 1, 1, 2308084),
(347, 347, 1, 1, 7512825),
(348, 348, 1, 1, 2678670),
(349, 349, 1, 1, 6576452),
(350, 350, 2, 1, 2216763),
(351, 351, 1, 1, 8374992),
(352, 352, 1, 1, 807103),
(353, 353, 1, 1, 7872092),
(354, 354, 1, 1, 7217604),
(355, 355, 1, 1, 7735489),
(356, 356, 1, 1, 5893441),
(357, 357, 1, 1, 3392234),
(358, 358, 3, 1, 4019670),
(359, 359, 1, 1, 9650156),
(360, 360, 1, 1, 6069325),
(361, 361, 1, 1, 7062247),
(362, 362, 1, 1, 1669096),
(363, 363, 1, 1, 5586596),
(364, 364, 1, 1, 9531240),
(365, 365, 1, 1, 5679062),
(366, 366, 1, 1, 8084310),
(367, 367, 1, 1, 7680722),
(368, 368, 1, 1, 5108916),
(369, 369, 1, 1, 565097),
(370, 370, 1, 1, 9626557),
(371, 371, 1, 1, 1035440),
(372, 372, 1, 1, 134300),
(373, 373, 5, 1, 5260313),
(374, 374, 1, 1, 2316841),
(375, 375, 1, 1, 3762950),
(376, 376, 1, 1, 5047446),
(377, 377, 1, 1, 7099403),
(378, 378, 1, 1, 6913970),
(379, 379, 1, 1, 6841279),
(380, 380, 2, 1, 2935435),
(381, 381, 1, 1, 5296481),
(382, 382, 1, 1, 6484365),
(383, 383, 1, 1, 4537310),
(384, 384, 1, 1, 8772682),
(385, 385, 1, 1, 3247538),
(386, 386, 1, 1, 4322835),
(387, 387, 1, 1, 142698),
(388, 388, 4, 1, 7515781),
(389, 389, 1, 1, 8161321),
(390, 390, 1, 1, 2124521),
(391, 391, 3, 1, 1075717),
(392, 392, 1, 1, 2403280),
(393, 393, 1, 1, 6842188),
(394, 394, 1, 1, 3161728),
(395, 395, 1, 1, 2021221),
(396, 396, 1, 1, 4820566),
(397, 397, 1, 1, 2473867),
(398, 398, 1, 1, 2885393),
(399, 399, 1, 1, 4712531),
(400, 400, 1, 1, 4912280),
(401, 401, 1, 1, 3590962),
(402, 402, 1, 1, 9849435),
(403, 403, 1, 1, 8203221),
(404, 404, 1, 1, 7759478),
(405, 405, 1, 1, 3075404),
(406, 406, 1, 1, 3147263),
(407, 407, 1, 1, 4033396),
(408, 408, 1, 1, 3385985),
(409, 409, 1, 1, 1977984),
(410, 410, 1, 1, 8653226),
(411, 411, 1, 1, 6564205),
(412, 412, 1, 1, 118190),
(413, 413, 2, 1, 240442),
(414, 414, 1, 1, 5277798),
(415, 415, 1, 1, 9935982),
(416, 416, 1, 1, 9894769),
(417, 417, 1, 1, 3981523),
(418, 418, 4, 1, 4173835),
(419, 419, 1, 1, 9599524),
(420, 420, 1, 1, 1007599),
(421, 421, 1, 1, 6910768),
(422, 422, 1, 1, 8372212),
(423, 423, 1, 1, 8176685),
(424, 424, 5, 1, 8452395),
(425, 425, 1, 1, 1646725),
(426, 426, 1, 1, 7678708),
(427, 427, 1, 1, 2525580),
(428, 428, 1, 1, 4577356),
(429, 429, 1, 1, 5241628),
(430, 430, 3, 1, 3829988),
(431, 431, 1, 1, 1317353),
(432, 432, 1, 1, 3040392),
(433, 433, 1, 1, 2052513),
(434, 434, 1, 1, 3885075),
(435, 435, 1, 1, 175589),
(436, 436, 1, 1, 7220237),
(437, 437, 1, 1, 6249103),
(438, 438, 1, 1, 5619697),
(439, 439, 1, 1, 4486101),
(440, 440, 2, 1, 174060),
(441, 441, 1, 1, 5711709),
(442, 442, 1, 1, 7294420),
(443, 443, 1, 1, 8353960),
(444, 444, 1, 1, 6993915),
(445, 445, 1, 1, 8847753),
(446, 446, 1, 1, 5583502),
(447, 447, 1, 1, 1866269),
(448, 448, 4, 1, 1986658),
(449, 449, 1, 1, 5943454),
(450, 450, 1, 1, 9679900),
(451, 451, 1, 1, 7813350),
(452, 452, 1, 1, 2486715),
(453, 453, 1, 1, 7067567),
(454, 454, 1, 1, 6632891),
(455, 455, 1, 1, 3327599),
(456, 456, 1, 1, 8308355),
(457, 457, 1, 1, 9256973),
(458, 458, 1, 1, 2828284),
(459, 459, 1, 1, 1518478),
(460, 460, 3, 1, 853889),
(461, 461, 1, 1, 6739316),
(462, 462, 1, 1, 9187206),
(463, 463, 1, 1, 3113683),
(464, 464, 1, 1, 8716477),
(465, 465, 1, 1, 9285760),
(466, 466, 1, 1, 3137969),
(467, 467, 1, 1, 8360724),
(468, 468, 1, 1, 7250990),
(469, 469, 1, 1, 5437334),
(470, 470, 1, 1, 8706539),
(471, 471, 1, 1, 4999747),
(472, 472, 1, 1, 8033648),
(473, 473, 2, 1, 9311234),
(474, 474, 1, 1, 7174639),
(475, 475, 1, 1, 8987612),
(476, 476, 1, 1, 390908),
(477, 477, 1, 1, 1968819),
(478, 478, 1, 1, 4670545),
(479, 479, 1, 1, 834839),
(480, 480, 1, 1, 1250356),
(481, 481, 3, 1, 914949),
(482, 482, 1, 1, 9786127),
(483, 483, 1, 1, 1911217),
(484, 484, 1, 1, 1451115),
(485, 485, 1, 1, 4198702),
(486, 486, 1, 1, 3854741),
(487, 487, 5, 1, 1882472),
(488, 488, 1, 1, 6348530),
(489, 489, 1, 1, 8798386),
(490, 490, 1, 1, 8878043),
(491, 491, 1, 1, 559565),
(492, 492, 1, 1, 6057704),
(493, 493, 1, 1, 6499151),
(494, 494, 1, 1, 3255859),
(495, 495, 1, 1, 4873799),
(496, 496, 1, 1, 6002668),
(497, 497, 1, 1, 4309430),
(498, 498, 1, 1, 3451734),
(499, 499, 2, 1, 4435090),
(500, 500, 1, 1, 1572766),
(501, 501, 1, 1, 612769),
(502, 502, 1, 1, 517800),
(503, 503, 1, 1, 7187366),
(504, 504, 1, 1, 1635107),
(505, 505, 1, 1, 2714562),
(506, 506, 1, 1, 4006133),
(507, 507, 1, 1, 44211),
(508, 508, 1, 1, 4411673),
(509, 509, 1, 1, 6218550),
(510, 510, 1, 1, 2209767),
(511, 511, 1, 1, 8069525),
(512, 512, 1, 1, 5801969),
(513, 513, 1, 1, 1755846),
(514, 514, 1, 1, 6905063),
(515, 515, 1, 1, 9762085),
(516, 516, 1, 1, 4616838),
(517, 517, 1, 1, 9989663),
(518, 518, 1, 1, 2808133),
(519, 519, 1, 1, 5309550),
(520, 520, 1, 1, 1386361),
(521, 521, 1, 1, 1531767),
(522, 522, 1, 1, 6811555),
(523, 523, 1, 1, 9296605),
(524, 524, 1, 1, 7414495),
(525, 525, 1, 1, 4432112),
(526, 526, 1, 1, 9733603),
(527, 527, 1, 1, 9283532),
(528, 528, 1, 1, 8575392),
(529, 529, 1, 1, 8240982),
(530, 530, 1, 1, 3790753),
(531, 531, 1, 1, 6915710),
(532, 532, 1, 1, 3981091),
(533, 533, 1, 1, 293345),
(534, 534, 1, 1, 2295242),
(535, 535, 1, 1, 8781109),
(536, 536, 1, 1, 3097562),
(537, 537, 1, 1, 6828055),
(538, 538, 1, 1, 4182951),
(539, 539, 1, 1, 102051),
(540, 540, 1, 1, 6145817),
(541, 541, 1, 1, 8829875),
(542, 542, 1, 1, 4892923),
(543, 543, 1, 1, 5529097),
(544, 544, 1, 1, 1697093),
(545, 545, 1, 1, 70228),
(546, 546, 1, 1, 6848337),
(547, 547, 1, 1, 7799099),
(548, 548, 1, 1, 2255871),
(549, 549, 1, 1, 2722964),
(550, 550, 1, 1, 7329755),
(551, 551, 1, 1, 6826080),
(552, 552, 1, 1, 3321755),
(553, 553, 1, 1, 4144291),
(554, 554, 1, 1, 8885009),
(555, 555, 1, 1, 8912738),
(556, 556, 1, 1, 3931000),
(557, 557, 1, 1, 6931455),
(558, 558, 1, 1, 7586073),
(559, 559, 1, 1, 8202031),
(560, 560, 1, 1, 7000763),
(561, 561, 1, 1, 3212621),
(562, 562, 1, 1, 7421815),
(563, 563, 1, 1, 232421),
(564, 564, 1, 1, 5933884),
(565, 565, 1, 1, 3270782),
(566, 566, 1, 1, 4906519),
(567, 567, 1, 1, 517010),
(568, 568, 1, 1, 9889298),
(569, 569, 1, 1, 8067452),
(570, 570, 1, 1, 6587582),
(571, 571, 1, 1, 9435935),
(572, 572, 1, 1, 3882931),
(573, 573, 1, 1, 5007255),
(574, 574, 1, 1, 3551817),
(575, 575, 1, 1, 8413021),
(576, 576, 1, 1, 1456207),
(577, 577, 1, 1, 6372430),
(578, 578, 1, 1, 1258307),
(579, 579, 1, 1, 1341858),
(580, 580, 1, 1, 7034039),
(581, 581, 1, 1, 256658),
(582, 582, 1, 1, 66762),
(583, 583, 1, 1, 9533074),
(584, 584, 1, 1, 2291472),
(585, 585, 1, 1, 4540515),
(586, 586, 1, 1, 1683857),
(587, 587, 1, 1, 8073748),
(588, 588, 1, 1, 5857891),
(589, 589, 1, 1, 5476229),
(590, 590, 1, 1, 9416029),
(591, 591, 1, 1, 6421525),
(592, 592, 1, 1, 8509974),
(593, 593, 1, 1, 3787317),
(594, 594, 1, 1, 5595755),
(595, 595, 1, 1, 6300146),
(596, 596, 1, 1, 6639347),
(597, 597, 1, 1, 2839094),
(598, 598, 1, 1, 7839318),
(599, 599, 1, 1, 5519752),
(600, 600, 1, 1, 5228148),
(601, 601, 1, 1, 5398885),
(602, 602, 1, 1, 6897600),
(603, 603, 1, 1, 7214442),
(604, 604, 1, 1, 7825490),
(605, 605, 1, 1, 7780206),
(606, 606, 1, 1, 2777448),
(607, 607, 1, 1, 171232),
(608, 608, 1, 1, 5090064),
(609, 609, 1, 1, 2753057),
(610, 610, 1, 1, 2539697),
(611, 611, 1, 1, 7418676),
(612, 612, 1, 1, 5348892),
(613, 613, 1, 1, 5502850),
(614, 614, 1, 1, 2720911),
(615, 615, 1, 1, 7050076),
(616, 616, 1, 1, 319518),
(617, 617, 1, 1, 133400),
(618, 618, 1, 1, 1679452),
(619, 619, 1, 1, 1375326),
(620, 620, 1, 1, 6652665),
(621, 621, 1, 1, 7734790),
(622, 622, 1, 1, 2332494),
(623, 623, 1, 1, 7927092),
(624, 624, 1, 1, 9274684),
(625, 625, 1, 1, 874818),
(626, 626, 1, 1, 3729097),
(627, 627, 1, 1, 8591159),
(628, 628, 1, 1, 5643854),
(629, 629, 1, 1, 3523109),
(630, 630, 1, 1, 695501),
(631, 631, 1, 1, 1187433),
(632, 632, 1, 1, 981888),
(633, 633, 1, 1, 9879893),
(634, 634, 1, 1, 4392299),
(635, 635, 1, 1, 1197195),
(636, 636, 1, 1, 3301738),
(637, 637, 1, 1, 356807),
(638, 638, 1, 1, 3039149),
(639, 639, 1, 1, 13895),
(640, 640, 1, 1, 3625077),
(641, 641, 1, 1, 8045005),
(642, 642, 1, 1, 1291240),
(643, 643, 1, 1, 88853),
(644, 644, 1, 1, 1167601),
(645, 645, 1, 1, 4406218),
(646, 646, 1, 1, 8792701),
(647, 647, 1, 1, 6649930),
(648, 648, 1, 1, 5467535),
(649, 649, 1, 1, 8635318),
(650, 650, 1, 1, 3285692),
(651, 651, 1, 1, 290341),
(652, 652, 1, 1, 7442536),
(653, 653, 1, 1, 1168321),
(654, 654, 1, 1, 1319897),
(655, 655, 1, 1, 4656425),
(656, 656, 1, 1, 9182410),
(657, 657, 1, 1, 8147667),
(658, 658, 1, 1, 85691),
(659, 659, 1, 1, 8707350),
(660, 660, 1, 1, 7919842),
(661, 661, 1, 1, 306982),
(662, 662, 1, 1, 7185244),
(663, 663, 1, 1, 3576330),
(664, 664, 1, 1, 3068624),
(665, 665, 1, 1, 6700437),
(666, 666, 1, 1, 1259339),
(667, 667, 1, 1, 9932121),
(668, 668, 1, 1, 6478579),
(669, 669, 1, 1, 977217),
(670, 670, 1, 1, 5303729),
(671, 671, 1, 1, 2921171),
(672, 672, 1, 1, 5128717),
(673, 673, 1, 1, 5489468),
(674, 674, 1, 1, 6237316),
(675, 675, 1, 1, 8264934),
(676, 676, 1, 1, 2364844),
(677, 677, 1, 1, 6422524),
(678, 678, 1, 1, 8825520),
(679, 679, 1, 1, 4893540),
(680, 680, 1, 1, 8485190),
(681, 681, 1, 1, 1349074),
(682, 682, 1, 1, 9415657),
(683, 683, 1, 1, 6616097),
(684, 684, 1, 1, 3987324),
(685, 685, 1, 1, 9134340),
(686, 686, 1, 1, 5107210),
(687, 687, 1, 1, 7759597),
(688, 688, 1, 1, 9111919),
(689, 689, 1, 1, 957217),
(690, 690, 1, 1, 6958360),
(691, 691, 1, 1, 5452489),
(692, 692, 1, 1, 1453704),
(693, 693, 1, 1, 362710),
(694, 694, 1, 1, 1621177),
(695, 695, 1, 1, 4285667),
(696, 696, 1, 1, 9357183),
(697, 697, 1, 1, 9723921),
(698, 698, 1, 1, 4401383),
(699, 699, 1, 1, 7452723),
(700, 700, 1, 1, 2574472),
(701, 701, 1, 1, 267197),
(702, 702, 1, 1, 8154610),
(703, 703, 1, 1, 2152983),
(704, 704, 1, 1, 3234894),
(705, 705, 1, 1, 2901961),
(706, 706, 1, 1, 6659596),
(707, 707, 1, 1, 6034981),
(708, 708, 1, 1, 9560698),
(709, 709, 1, 1, 7497130),
(710, 710, 1, 1, 8149778),
(711, 711, 1, 1, 5764639),
(712, 712, 1, 1, 1960570),
(713, 713, 1, 1, 8958920),
(714, 714, 1, 1, 4538252),
(715, 715, 1, 1, 8421608),
(716, 716, 1, 1, 6142345),
(717, 717, 1, 1, 9490224),
(718, 718, 1, 1, 4537092),
(719, 719, 1, 1, 1358823),
(720, 720, 1, 1, 708618),
(721, 721, 1, 1, 7749646),
(722, 722, 1, 1, 4350532),
(723, 723, 1, 1, 6404494),
(724, 724, 1, 1, 7333676),
(725, 725, 1, 1, 7278650),
(726, 726, 1, 1, 7912527),
(727, 727, 1, 1, 9842381),
(728, 728, 1, 1, 67506),
(729, 729, 1, 1, 8528199),
(730, 730, 1, 1, 9742736),
(731, 731, 1, 1, 475338),
(732, 732, 1, 1, 6572316),
(733, 733, 1, 1, 1091617),
(734, 734, 1, 1, 7410971),
(735, 735, 1, 1, 4258784),
(736, 736, 1, 1, 8169359),
(737, 737, 1, 1, 5338331),
(738, 738, 1, 1, 7328679),
(739, 739, 1, 1, 5484835),
(740, 740, 1, 1, 7458533),
(741, 741, 1, 1, 5543518),
(742, 742, 1, 1, 7127053),
(743, 743, 1, 1, 1304557),
(744, 744, 1, 1, 1970565),
(745, 745, 1, 1, 9821571),
(746, 746, 1, 1, 234846),
(747, 747, 1, 1, 8494857),
(748, 748, 1, 1, 9821305),
(749, 749, 1, 1, 5696719),
(750, 750, 1, 1, 3435027),
(751, 751, 1, 1, 8808231),
(752, 752, 1, 1, 8659944),
(753, 753, 1, 1, 3981974),
(754, 754, 1, 1, 6157887),
(755, 755, 1, 1, 1987696),
(756, 756, 1, 1, 2337731),
(757, 757, 1, 1, 7788036),
(758, 758, 1, 1, 1059258),
(759, 759, 1, 1, 3585882),
(760, 760, 1, 1, 671035),
(761, 761, 1, 1, 7946599),
(762, 762, 1, 1, 9035993),
(763, 763, 1, 1, 8096413),
(764, 764, 1, 1, 6432343),
(765, 765, 1, 1, 907976),
(766, 766, 1, 1, 8246887),
(767, 767, 1, 1, 6587317),
(768, 768, 1, 1, 275083),
(769, 769, 1, 1, 260774),
(770, 770, 1, 1, 5935736),
(771, 771, 1, 1, 2020382),
(772, 772, 1, 1, 8682896),
(773, 773, 1, 1, 8421798),
(774, 774, 1, 1, 3894229),
(775, 775, 1, 1, 4746981),
(776, 776, 1, 1, 2231269),
(777, 777, 1, 1, 757220),
(778, 778, 1, 1, 3255916),
(779, 779, 1, 1, 5290065),
(780, 780, 1, 1, 1459187),
(781, 781, 1, 1, 421455),
(782, 782, 1, 1, 1978467),
(783, 783, 1, 1, 1453626),
(784, 784, 1, 1, 5470755),
(785, 785, 1, 1, 8538079),
(786, 786, 1, 1, 8849996),
(787, 787, 1, 1, 2045102),
(788, 788, 1, 1, 4021466),
(789, 789, 1, 1, 997487),
(790, 790, 1, 1, 1146210),
(791, 791, 1, 1, 52826),
(792, 792, 1, 1, 7291107),
(793, 793, 1, 1, 108933),
(794, 794, 1, 1, 9168671),
(795, 795, 1, 1, 3989759),
(796, 796, 1, 1, 8805010),
(797, 797, 1, 1, 6619919),
(798, 798, 1, 1, 9810473),
(799, 799, 1, 1, 7296388),
(800, 800, 1, 1, 6037657),
(801, 801, 1, 1, 5203852),
(802, 802, 1, 1, 3024147),
(803, 803, 1, 1, 2189819),
(804, 804, 1, 1, 117408),
(805, 805, 1, 1, 4417232),
(806, 806, 1, 1, 9607638),
(807, 807, 1, 1, 6152724),
(808, 808, 1, 1, 748360),
(809, 809, 1, 1, 340552),
(810, 810, 1, 1, 6077682),
(811, 811, 1, 1, 6374955),
(812, 812, 1, 1, 4975143),
(813, 813, 1, 1, 1642469),
(814, 814, 1, 1, 2565971),
(815, 815, 1, 1, 9892252),
(816, 816, 1, 1, 8738720),
(817, 817, 1, 1, 2644709),
(818, 818, 1, 1, 2651961),
(819, 819, 1, 1, 4910665),
(820, 820, 1, 1, 8305997),
(821, 821, 1, 1, 115533),
(822, 822, 1, 1, 9837241),
(823, 823, 1, 1, 1861877),
(824, 824, 1, 1, 4603344),
(825, 825, 1, 1, 8982514),
(826, 826, 1, 1, 3969855),
(827, 827, 1, 1, 1103826),
(828, 828, 1, 1, 7243887),
(829, 829, 1, 1, 1930749),
(830, 830, 1, 1, 2343017),
(831, 831, 1, 1, 7862625),
(832, 832, 1, 1, 6610678),
(833, 833, 1, 1, 7940507),
(834, 834, 1, 1, 4421146),
(835, 835, 1, 1, 4005920),
(836, 836, 1, 1, 1742652),
(837, 837, 1, 1, 5218743),
(838, 838, 1, 1, 6187199),
(839, 839, 1, 1, 544492),
(840, 840, 1, 1, 8967498),
(841, 841, 1, 1, 4691762),
(842, 842, 1, 1, 9958753),
(843, 843, 1, 1, 4378017),
(844, 844, 1, 1, 1235384),
(845, 845, 1, 1, 1251711),
(846, 846, 1, 1, 8186346),
(847, 847, 1, 1, 7732564),
(848, 848, 1, 1, 929711),
(849, 849, 1, 1, 1287503),
(850, 850, 1, 1, 5226055),
(851, 851, 1, 1, 8981548),
(852, 852, 1, 1, 9565845),
(853, 853, 1, 1, 6681122),
(854, 854, 1, 1, 9369366),
(855, 855, 1, 1, 9098471),
(856, 856, 1, 1, 6236041),
(857, 857, 1, 1, 7413175),
(858, 858, 1, 1, 8516837),
(859, 859, 1, 1, 8858963),
(860, 860, 1, 1, 2918550),
(861, 861, 1, 1, 7196944),
(862, 862, 1, 1, 6798129),
(863, 863, 1, 1, 8091247),
(864, 864, 1, 1, 8841141),
(865, 865, 1, 1, 9148075),
(866, 866, 1, 1, 6169456),
(867, 867, 1, 1, 9768303),
(868, 868, 1, 1, 7974062),
(869, 869, 1, 1, 1397436),
(870, 870, 1, 1, 6560559),
(871, 871, 1, 1, 8541646),
(872, 872, 1, 1, 3424713),
(873, 873, 1, 1, 5767573),
(874, 874, 1, 1, 496765),
(875, 875, 1, 1, 5435776),
(876, 876, 1, 1, 16073),
(877, 877, 1, 1, 6158566),
(878, 878, 1, 1, 3287787),
(879, 879, 1, 1, 7853988),
(880, 880, 1, 1, 1653193),
(881, 881, 1, 1, 7127002),
(882, 882, 1, 1, 7853365),
(883, 883, 1, 1, 6790389),
(884, 884, 1, 1, 3216831),
(885, 885, 1, 1, 7292140),
(886, 886, 1, 1, 4046901),
(887, 887, 1, 1, 1199587),
(888, 888, 1, 1, 7670559),
(889, 889, 1, 1, 6666278),
(890, 890, 1, 1, 5941757),
(891, 891, 1, 1, 2844687),
(892, 892, 1, 1, 7827470),
(893, 893, 1, 1, 1781675),
(894, 894, 1, 1, 6960876),
(895, 895, 1, 1, 3625830),
(896, 896, 1, 1, 8794826),
(897, 897, 1, 1, 7574307),
(898, 898, 1, 1, 1958938),
(899, 899, 1, 1, 1385691),
(900, 900, 1, 1, 1499815),
(901, 901, 1, 1, 385107),
(902, 902, 1, 1, 7407237),
(903, 903, 1, 1, 9494970),
(904, 904, 1, 1, 9896795),
(905, 905, 1, 1, 2152243),
(906, 906, 1, 1, 5685021),
(907, 907, 1, 1, 140057),
(908, 908, 1, 1, 4466212),
(909, 909, 1, 1, 1893369),
(910, 910, 1, 1, 7147021),
(911, 911, 1, 1, 1166690),
(912, 912, 1, 1, 2437614),
(913, 913, 1, 1, 6914667),
(914, 914, 1, 1, 4115431),
(915, 915, 1, 1, 1577563),
(916, 916, 1, 1, 803963),
(917, 917, 1, 1, 2833926),
(918, 918, 1, 1, 4235601),
(919, 919, 1, 1, 1338506),
(920, 920, 1, 1, 1641716),
(921, 921, 1, 1, 8467736),
(922, 922, 1, 1, 6738242),
(923, 923, 1, 1, 7016947),
(924, 924, 1, 1, 510905),
(925, 925, 1, 1, 8908319),
(926, 926, 1, 1, 4066927),
(927, 927, 1, 1, 5958071),
(928, 928, 1, 1, 7781697),
(929, 929, 1, 1, 7703380),
(930, 930, 1, 1, 3058220),
(931, 931, 1, 1, 8198182),
(932, 932, 1, 1, 9618724),
(933, 933, 1, 1, 6952765),
(934, 934, 1, 1, 4402758),
(935, 935, 1, 1, 7121436),
(936, 936, 1, 1, 51687),
(937, 937, 1, 1, 2348592),
(938, 938, 1, 1, 6469133),
(939, 939, 1, 1, 6985249),
(940, 940, 1, 1, 8070537),
(941, 941, 1, 1, 8710916),
(942, 942, 1, 1, 9738442),
(943, 943, 1, 1, 7871339),
(944, 944, 1, 1, 4005795),
(945, 945, 1, 1, 408895),
(946, 946, 1, 1, 1075885),
(947, 947, 1, 1, 6363458),
(948, 948, 1, 1, 7589328),
(949, 949, 1, 1, 207789),
(950, 950, 1, 1, 2856799),
(951, 951, 1, 1, 3309582),
(952, 952, 1, 1, 6038177),
(953, 953, 1, 1, 9545026),
(954, 954, 1, 1, 568049),
(955, 955, 1, 1, 8395388),
(956, 956, 1, 1, 4263788),
(957, 957, 1, 1, 3013972),
(958, 958, 1, 1, 3921689),
(959, 959, 1, 1, 4937554),
(960, 960, 1, 1, 881283),
(961, 961, 1, 1, 9921912),
(962, 962, 1, 1, 746350),
(963, 963, 1, 1, 7299514),
(964, 964, 1, 1, 3078125),
(965, 965, 1, 1, 6189146),
(966, 966, 1, 1, 9962801),
(967, 967, 1, 1, 7638969),
(968, 968, 1, 1, 598872),
(969, 969, 1, 1, 569008),
(970, 970, 1, 1, 9803663),
(971, 971, 1, 1, 8315572),
(972, 972, 1, 1, 4112403),
(973, 973, 1, 1, 193986),
(974, 974, 1, 1, 103256),
(975, 975, 1, 1, 1218875),
(976, 976, 1, 1, 6050324),
(977, 977, 1, 1, 1791033),
(978, 978, 1, 1, 2962096),
(979, 979, 1, 1, 5520728),
(980, 980, 1, 1, 2639985),
(981, 981, 1, 1, 6559518),
(982, 982, 1, 1, 4381552),
(983, 983, 1, 1, 913003),
(984, 984, 1, 1, 4302841),
(985, 985, 1, 1, 8668202),
(986, 986, 1, 1, 567705),
(987, 987, 1, 1, 4260620),
(988, 988, 1, 1, 7848622),
(989, 989, 1, 1, 9602973),
(990, 990, 1, 1, 6519451),
(991, 991, 1, 1, 3781516),
(992, 992, 1, 1, 7968075),
(993, 993, 1, 1, 3184983),
(994, 994, 1, 1, 1244427),
(995, 995, 1, 1, 6359330),
(996, 996, 1, 1, 7411769),
(997, 997, 1, 1, 8979226),
(998, 998, 1, 1, 3487335),
(999, 999, 1, 1, 401215),
(1000, 1000, 1, 1, 4939767),
(1001, 1001, 1, 1, 5026467),
(1002, 1002, 1, 1, 4208763),
(1003, 1003, 1, 1, 8772342),
(1004, 1004, 1, 1, 7636681),
(1005, 1005, 1, 1, 4356854),
(1006, 1006, 1, 1, 7218620),
(1007, 1007, 1, 1, 3770274),
(1008, 1008, 1, 1, 9508943),
(1009, 1009, 1, 1, 3581394),
(1010, 1010, 1, 1, 7346806),
(1011, 1011, 1, 1, 8846568),
(1012, 1012, 1, 1, 1415852),
(1013, 1013, 1, 1, 6007905),
(1014, 1014, 1, 1, 6324776),
(1015, 1015, 1, 1, 9839563),
(1016, 1016, 1, 1, 8333239),
(1017, 1017, 1, 1, 6190917),
(1018, 1018, 1, 1, 155147),
(1019, 1019, 1, 1, 1851483),
(1020, 1020, 1, 1, 8708366),
(1021, 1021, 1, 1, 7600411),
(1022, 1022, 1, 1, 8162524),
(1023, 1023, 1, 1, 6584613),
(1024, 1024, 1, 1, 7236914),
(1025, 1025, 1, 1, 182145),
(1026, 1026, 1, 1, 3147247),
(1027, 1027, 1, 1, 8945440),
(1028, 1028, 1, 1, 6777714),
(1029, 1029, 1, 1, 9982738),
(1030, 1030, 1, 1, 4104758),
(1031, 1031, 1, 1, 1032303),
(1032, 1032, 1, 1, 7318112),
(1033, 1033, 1, 1, 8725550),
(1034, 1034, 1, 1, 7826815),
(1035, 1035, 1, 1, 6241236),
(1036, 1036, 1, 1, 9912642),
(1037, 1037, 1, 1, 7248804),
(1038, 1038, 1, 1, 3366783),
(1039, 1039, 1, 1, 6156314),
(1040, 1040, 1, 1, 1339940),
(1041, 1041, 1, 1, 3055274),
(1042, 1042, 1, 1, 3829774),
(1043, 1043, 1, 1, 8134976),
(1044, 1044, 1, 1, 857597),
(1045, 1045, 1, 1, 8873255),
(1046, 1046, 1, 1, 3239390),
(1047, 1047, 1, 1, 2055420),
(1048, 1048, 1, 1, 3881920),
(1049, 1049, 1, 1, 6091432),
(1050, 1050, 1, 1, 2336362),
(1051, 1051, 1, 1, 562309),
(1052, 1052, 1, 1, 8679329),
(1053, 1053, 1, 1, 4205646),
(1054, 1054, 1, 1, 6080379),
(1055, 1055, 1, 1, 8328685),
(1056, 1056, 1, 1, 1228384),
(1057, 1057, 1, 1, 5003441),
(1058, 1058, 1, 1, 7354941),
(1059, 1059, 1, 1, 2346095),
(1060, 1060, 1, 1, 296213),
(1061, 1061, 1, 1, 8112690),
(1062, 1062, 1, 1, 5916045),
(1063, 1063, 1, 1, 7061615),
(1064, 1064, 1, 1, 9470361),
(1065, 1065, 1, 1, 2753454),
(1066, 1066, 1, 1, 8979071),
(1067, 1067, 1, 1, 5299561),
(1068, 1068, 1, 1, 5396853),
(1069, 1069, 1, 1, 9057648),
(1070, 1070, 1, 1, 4226),
(1071, 1071, 1, 1, 8337338),
(1072, 1072, 1, 1, 1797539),
(1073, 1073, 1, 1, 1158965),
(1074, 1074, 1, 1, 5219415),
(1075, 1075, 1, 1, 6249018),
(1076, 1076, 1, 1, 6974530),
(1077, 1077, 1, 1, 3405906),
(1078, 1078, 1, 1, 3210456),
(1079, 1079, 1, 1, 2686867),
(1080, 1080, 1, 1, 8456840),
(1081, 1081, 1, 1, 513637),
(1082, 1082, 1, 1, 1512029),
(1083, 1083, 1, 1, 6640193),
(1084, 1084, 1, 1, 2204057),
(1085, 1085, 1, 1, 2245820),
(1086, 1086, 1, 1, 5548793),
(1087, 1087, 1, 1, 7392521),
(1088, 1088, 1, 1, 5354197),
(1089, 1089, 1, 1, 3305417),
(1090, 1090, 1, 1, 9504618),
(1091, 1091, 1, 1, 7892244),
(1092, 1092, 1, 1, 887607),
(1093, 1093, 1, 1, 9513877),
(1094, 1094, 1, 1, 5738880),
(1095, 1095, 1, 1, 6058546),
(1096, 1096, 1, 1, 9776073),
(1097, 1097, 1, 1, 2071013),
(1098, 1098, 1, 1, 9222298),
(1099, 1099, 1, 1, 3163514),
(1100, 1100, 1, 1, 1196067),
(1101, 1101, 1, 1, 2713240),
(1102, 1102, 1, 1, 6130804),
(1103, 1103, 1, 1, 3363022),
(1104, 1104, 1, 1, 4207292),
(1105, 1105, 1, 1, 3925774),
(1106, 1106, 1, 1, 1214440),
(1107, 1107, 1, 1, 8693094),
(1108, 1108, 1, 1, 4932496),
(1109, 1109, 1, 1, 14740),
(1110, 1110, 1, 1, 6849318),
(1111, 1111, 1, 1, 9405096),
(1112, 1112, 1, 1, 1721757),
(1113, 1113, 1, 1, 6808061),
(1114, 1114, 1, 1, 7784159),
(1115, 1115, 1, 1, 382254),
(1116, 1116, 1, 1, 7044229),
(1117, 1117, 1, 1, 29379),
(1118, 1118, 1, 1, 9508984),
(1119, 1119, 1, 1, 561626),
(1120, 1120, 1, 1, 8922593),
(1121, 1121, 1, 1, 4977143),
(1122, 1122, 1, 1, 4902003),
(1123, 1123, 1, 1, 3779806),
(1124, 1124, 1, 1, 6610212),
(1125, 1125, 1, 1, 3041399),
(1126, 1126, 1, 1, 3351802),
(1127, 1127, 1, 1, 6267276),
(1128, 1128, 1, 1, 4908300),
(1129, 1129, 1, 1, 3803708),
(1130, 1130, 1, 1, 8905412),
(1131, 1131, 1, 1, 8135453),
(1132, 1132, 1, 1, 9030109),
(1133, 1133, 1, 1, 4990994),
(1134, 1134, 1, 1, 9158884),
(1135, 1135, 1, 1, 3632142),
(1136, 1136, 1, 1, 7241470),
(1137, 1137, 1, 1, 6392036),
(1138, 1138, 1, 1, 4585499),
(1139, 1139, 1, 1, 7685206),
(1140, 1140, 1, 1, 1641759),
(1141, 1141, 1, 1, 7995703),
(1142, 1142, 1, 1, 8787744),
(1143, 1143, 1, 1, 4310964),
(1144, 1144, 1, 1, 8396618),
(1145, 1145, 1, 1, 7072893),
(1146, 1146, 1, 1, 3762736),
(1147, 1147, 1, 1, 5832904),
(1148, 1148, 1, 1, 7493544),
(1149, 1149, 1, 1, 3699582),
(1150, 1150, 1, 1, 686755),
(1151, 1151, 1, 1, 537986),
(1152, 1152, 1, 1, 8663719),
(1153, 1153, 1, 1, 9306223),
(1154, 1154, 1, 1, 5953080),
(1155, 1155, 1, 1, 391931),
(1156, 1156, 1, 1, 4498217),
(1157, 1157, 1, 1, 8239176),
(1158, 1158, 1, 1, 4238345),
(1159, 1159, 1, 1, 9741529),
(1160, 1160, 1, 1, 3983984),
(1161, 1161, 1, 1, 8032690),
(1162, 1162, 1, 1, 5226123),
(1163, 1163, 1, 1, 551161),
(1164, 1164, 1, 1, 9694771),
(1165, 1165, 1, 1, 115395),
(1166, 1166, 1, 1, 8282491),
(1167, 1167, 1, 1, 9652336),
(1168, 1168, 1, 1, 9694450),
(1169, 1169, 1, 1, 9013131),
(1170, 1170, 1, 1, 9856820),
(1171, 1171, 1, 1, 8729220),
(1172, 1172, 1, 1, 844899),
(1173, 1173, 1, 1, 4760318),
(1174, 1174, 1, 1, 1672069),
(1175, 1175, 1, 1, 8319757),
(1176, 1176, 1, 1, 3657952),
(1177, 1177, 1, 1, 194996),
(1178, 1178, 1, 1, 3872358),
(1179, 1179, 1, 1, 2981111),
(1180, 1180, 1, 1, 90609),
(1181, 1181, 1, 1, 2088021),
(1182, 1182, 1, 1, 6211633),
(1183, 1183, 1, 1, 5949835),
(1184, 1184, 1, 1, 4755031),
(1185, 1185, 1, 1, 2644817),
(1186, 1186, 1, 1, 2095731),
(1187, 1187, 1, 1, 8121268),
(1188, 1188, 1, 1, 6899565),
(1189, 1189, 1, 1, 5818463),
(1190, 1190, 1, 1, 4831177),
(1191, 1191, 1, 1, 7979345),
(1192, 1192, 1, 1, 5214338),
(1193, 1193, 1, 1, 1085786),
(1194, 1194, 1, 1, 2787576),
(1195, 1195, 1, 1, 6227108),
(1196, 1196, 1, 1, 24704),
(1197, 1197, 1, 1, 5863521),
(1198, 1198, 1, 1, 346440),
(1199, 1199, 1, 1, 1299872),
(1200, 1200, 1, 1, 7758109),
(1201, 1201, 1, 1, 6579498),
(1202, 1202, 1, 1, 4487848),
(1203, 1203, 1, 1, 9687136),
(1204, 1204, 1, 1, 704700),
(1205, 1205, 1, 1, 7564202),
(1206, 1206, 1, 1, 2657329),
(1207, 1207, 1, 1, 8045958),
(1208, 1208, 1, 1, 1039260),
(1209, 1209, 1, 1, 6390920),
(1210, 1210, 1, 1, 6158875),
(1211, 1211, 1, 1, 2457667),
(1212, 1212, 1, 1, 1831838),
(1213, 1213, 1, 1, 4068135),
(1214, 1214, 1, 1, 4736012),
(1215, 1215, 1, 1, 3861415),
(1216, 1216, 1, 1, 9346677),
(1217, 1217, 1, 1, 8575649),
(1218, 1218, 1, 1, 2231376),
(1219, 1219, 1, 1, 7692231),
(1220, 1220, 1, 1, 313852),
(1221, 1221, 1, 1, 636367),
(1222, 1222, 1, 1, 256242),
(1223, 1223, 1, 1, 57842),
(1224, 1224, 1, 1, 5055247),
(1225, 1225, 1, 1, 1328524),
(1226, 1226, 1, 1, 6654990),
(1227, 1227, 1, 1, 2407722),
(1228, 1228, 1, 1, 2356302),
(1229, 1229, 1, 1, 2168550),
(1230, 1230, 1, 1, 8215486),
(1231, 1231, 1, 1, 1579413),
(1232, 1232, 1, 1, 4797215),
(1233, 1233, 1, 1, 9632654),
(1234, 1234, 1, 1, 2554890),
(1235, 1235, 1, 1, 2351347),
(1236, 1236, 1, 1, 3892039),
(1237, 1237, 1, 1, 7735579),
(1238, 1238, 1, 1, 2401410),
(1239, 1239, 1, 1, 5188010),
(1240, 1240, 1, 1, 2831405),
(1241, 1241, 1, 1, 4247922),
(1242, 1242, 1, 1, 6596033),
(1243, 1243, 1, 1, 2732450),
(1244, 1244, 1, 1, 884332),
(1245, 1245, 1, 1, 8408726),
(1246, 1246, 1, 1, 6054289),
(1247, 1247, 1, 1, 4782752),
(1248, 1248, 1, 1, 7586890),
(1249, 1249, 1, 1, 578029),
(1250, 1250, 1, 1, 9656615),
(1251, 1251, 1, 1, 2983264),
(1252, 1252, 1, 1, 6730212),
(1253, 1253, 1, 1, 7174360),
(1254, 1254, 1, 1, 4576898),
(1255, 1255, 1, 1, 3267981),
(1256, 1256, 1, 1, 9857651),
(1257, 1257, 1, 1, 7455141),
(1258, 1258, 1, 1, 7912297),
(1259, 1259, 1, 1, 6212651),
(1260, 1260, 1, 1, 6490601),
(1261, 1261, 1, 1, 2223287),
(1262, 1262, 1, 1, 1643457),
(1263, 1263, 1, 1, 2883784),
(1264, 1264, 1, 1, 3624815),
(1265, 1265, 1, 1, 8381203),
(1266, 1266, 1, 1, 932752),
(1267, 1267, 1, 1, 6516912),
(1268, 1268, 1, 1, 173782),
(1269, 1269, 1, 1, 7403800),
(1270, 1270, 1, 1, 6559182),
(1271, 1271, 1, 1, 8413086),
(1272, 1272, 1, 1, 2983003),
(1273, 1273, 1, 1, 264975),
(1274, 1274, 1, 1, 5892113),
(1275, 1275, 1, 1, 9811696),
(1276, 1276, 1, 1, 9798780),
(1277, 1277, 1, 1, 6127475),
(1278, 1278, 1, 1, 3222011),
(1279, 1279, 1, 1, 179410),
(1280, 1280, 1, 1, 1147378),
(1281, 1281, 1, 1, 7193864),
(1282, 1282, 1, 1, 9494872),
(1283, 1283, 1, 1, 6349104),
(1284, 1284, 1, 1, 7465211),
(1285, 1285, 1, 1, 7516797),
(1286, 1286, 1, 1, 3538063),
(1287, 1287, 1, 1, 6249335),
(1288, 1288, 1, 1, 17939),
(1289, 1289, 1, 1, 9279606),
(1290, 1290, 1, 1, 1718786),
(1291, 1291, 1, 1, 5584032),
(1292, 1292, 1, 1, 4156162),
(1293, 1293, 1, 1, 6083668),
(1294, 1294, 1, 1, 642400),
(1295, 1295, 1, 1, 5753733),
(1296, 1296, 1, 1, 1277627),
(1297, 1297, 1, 1, 9116862),
(1298, 1298, 1, 1, 7976379),
(1299, 1299, 1, 1, 6553818),
(1300, 1300, 1, 1, 1500667),
(1301, 1301, 1, 1, 8727854),
(1302, 1302, 1, 1, 9776642),
(1303, 1303, 1, 1, 7741848),
(1304, 1304, 1, 1, 2500813),
(1305, 1305, 1, 1, 893794),
(1306, 1306, 1, 1, 8796573),
(1307, 1307, 1, 1, 9435257),
(1308, 1308, 1, 1, 1222341),
(1309, 1309, 1, 1, 5344455),
(1310, 1310, 1, 1, 7175009),
(1311, 1311, 1, 1, 2482266),
(1312, 1312, 1, 1, 4248719),
(1313, 1313, 1, 1, 9693680),
(1314, 1314, 1, 1, 8628026),
(1315, 1315, 1, 1, 6443053),
(1316, 1316, 1, 1, 9500735),
(1317, 1317, 1, 1, 1829434),
(1318, 1318, 1, 1, 9810351),
(1319, 1319, 1, 1, 4624850),
(1320, 1320, 1, 1, 6628339),
(1321, 1321, 1, 1, 1026629),
(1322, 1322, 1, 1, 7865742),
(1323, 1323, 1, 1, 2733752),
(1324, 1324, 1, 1, 5971966),
(1325, 1325, 1, 1, 6772282),
(1326, 1326, 1, 1, 1351719),
(1327, 1327, 1, 1, 137704),
(1328, 1328, 1, 1, 6291431),
(1329, 1329, 1, 1, 3130466),
(1330, 1330, 1, 1, 4702500),
(1331, 1331, 1, 1, 479244),
(1332, 1332, 1, 1, 9595200),
(1333, 1333, 1, 1, 5624887),
(1334, 1334, 1, 1, 2185055),
(1335, 1335, 1, 1, 1433220),
(1336, 1336, 1, 1, 7350130),
(1337, 1337, 1, 1, 7079841),
(1338, 1338, 1, 1, 5906684),
(1339, 1339, 1, 1, 1773873),
(1340, 1340, 1, 1, 6111541),
(1341, 1341, 1, 1, 8635651),
(1342, 1342, 1, 1, 3848544),
(1343, 1343, 1, 1, 7597268),
(1344, 1344, 1, 1, 2185742),
(1345, 1345, 1, 1, 2242628),
(1346, 1346, 1, 1, 8128063),
(1347, 1347, 1, 1, 8539236),
(1348, 1348, 1, 1, 4321883),
(1349, 1349, 1, 1, 1337935),
(1350, 1350, 1, 1, 734212),
(1351, 1351, 1, 1, 9135615),
(1352, 1352, 1, 1, 627307),
(1353, 1353, 1, 1, 7122678),
(1354, 1354, 1, 1, 3833087),
(1355, 1355, 1, 1, 90716),
(1356, 1356, 1, 1, 910304),
(1357, 1357, 1, 1, 8881888),
(1358, 1358, 1, 1, 4407315),
(1359, 1359, 1, 1, 9151597),
(1360, 1360, 1, 1, 8476460),
(1361, 1361, 1, 1, 8127989),
(1362, 1362, 1, 1, 8471264),
(1363, 1363, 1, 1, 1529829),
(1364, 1364, 1, 1, 6039546),
(1365, 1365, 1, 1, 7998717),
(1366, 1366, 1, 1, 8395094),
(1367, 1367, 1, 1, 5369147),
(1368, 1368, 1, 1, 8855170),
(1369, 1369, 1, 1, 1303346),
(1370, 1370, 1, 1, 7974178),
(1371, 1371, 1, 1, 8626433),
(1372, 1372, 1, 1, 4445159),
(1373, 1373, 1, 1, 2886473),
(1374, 1374, 1, 1, 3796444),
(1375, 1375, 1, 1, 9915209),
(1376, 1376, 1, 1, 2352929),
(1377, 1377, 1, 1, 4566509),
(1378, 1378, 1, 1, 8188708),
(1379, 1379, 1, 1, 7354874),
(1380, 1380, 1, 1, 9254857),
(1381, 1381, 1, 1, 3806399),
(1382, 1382, 1, 1, 8564076),
(1383, 1383, 1, 1, 6275625),
(1384, 1384, 1, 1, 4449923),
(1385, 1385, 1, 1, 487001),
(1386, 1386, 1, 1, 346020),
(1387, 1387, 1, 1, 8748116),
(1388, 1388, 1, 1, 8259668),
(1389, 1389, 1, 1, 9678926),
(1390, 1390, 1, 1, 5810730),
(1391, 1391, 1, 1, 5338533),
(1392, 1392, 1, 1, 1192787),
(1393, 1393, 1, 1, 2146561),
(1394, 1394, 1, 1, 9167885),
(1395, 1395, 1, 1, 2233940),
(1396, 1396, 1, 1, 4863417),
(1397, 1397, 1, 1, 8468348),
(1398, 1398, 1, 1, 8990982),
(1399, 1399, 1, 1, 4939364),
(1400, 1400, 1, 1, 6599470),
(1401, 1401, 1, 1, 7120322),
(1402, 1402, 1, 1, 2711882),
(1403, 1403, 1, 1, 3117244),
(1404, 1404, 1, 1, 8437119),
(1405, 1405, 1, 1, 1645270),
(1406, 1406, 1, 1, 4310247),
(1407, 1407, 1, 1, 9821485),
(1408, 1408, 1, 1, 7769796),
(1409, 1409, 1, 1, 7117783),
(1410, 1410, 1, 1, 5557069),
(1411, 1411, 1, 1, 2372542),
(1412, 1412, 1, 1, 1304851),
(1413, 1413, 1, 1, 1515867),
(1414, 1414, 1, 1, 3212495),
(1415, 1415, 1, 1, 1426549),
(1416, 1416, 1, 1, 6178274),
(1417, 1417, 1, 1, 3322632),
(1418, 1418, 1, 1, 9431659),
(1419, 1419, 1, 1, 9410690),
(1420, 1420, 1, 1, 2087640),
(1421, 1421, 1, 1, 2707036),
(1422, 1422, 1, 1, 298282),
(1423, 1423, 1, 1, 9428625),
(1424, 1424, 1, 1, 6125722),
(1425, 1425, 1, 1, 9970480),
(1426, 1426, 1, 1, 7884276),
(1427, 1427, 1, 1, 983930),
(1428, 1428, 1, 1, 7631961),
(1429, 1429, 1, 1, 1596488),
(1430, 1430, 1, 1, 4524631),
(1431, 1431, 1, 1, 9426165),
(1432, 1432, 1, 1, 3826269),
(1433, 1433, 1, 1, 1203582),
(1434, 1434, 1, 1, 4100363),
(1435, 1435, 1, 1, 1893294),
(1436, 1436, 1, 1, 8249385),
(1437, 1437, 1, 1, 9976850),
(1438, 1438, 1, 1, 4038340),
(1439, 1439, 1, 1, 3705864),
(1440, 1440, 1, 1, 3106291),
(1441, 1441, 1, 1, 8741591),
(1442, 1442, 1, 1, 3465280),
(1443, 1443, 1, 1, 5662442),
(1444, 1444, 1, 1, 3493943),
(1445, 1445, 1, 1, 1742839),
(1446, 1446, 1, 1, 7494276),
(1447, 1447, 1, 1, 4492492),
(1448, 1448, 1, 1, 6191849),
(1449, 1449, 1, 1, 407412),
(1450, 1450, 1, 1, 4975678),
(1451, 1451, 1, 1, 5841993),
(1452, 1452, 1, 1, 8203783),
(1453, 1453, 1, 1, 3890570),
(1454, 1454, 1, 1, 7210212),
(1455, 1455, 1, 1, 1598739),
(1456, 1456, 1, 1, 561197),
(1457, 1457, 1, 1, 2047228),
(1458, 1458, 1, 1, 8100699),
(1459, 1459, 1, 1, 1108414),
(1460, 1460, 1, 1, 1033660),
(1461, 1461, 1, 1, 5618061),
(1462, 1462, 1, 1, 2009782),
(1463, 1463, 1, 1, 8889159),
(1464, 1464, 1, 1, 5338904),
(1465, 1465, 1, 1, 7883751),
(1466, 1466, 1, 1, 4194567),
(1467, 1467, 1, 1, 9821519),
(1468, 1468, 1, 1, 204843),
(1469, 1469, 1, 1, 1815992),
(1470, 1470, 1, 1, 105102),
(1471, 1471, 1, 1, 6472251),
(1472, 1472, 1, 1, 3208179),
(1473, 1473, 1, 1, 6841763),
(1474, 1474, 1, 1, 4062137),
(1475, 1475, 1, 1, 2204663),
(1476, 1476, 1, 1, 3698987),
(1477, 1477, 1, 1, 9737794),
(1478, 1478, 1, 1, 4870629),
(1479, 1479, 1, 1, 8034763),
(1480, 1480, 1, 1, 6317931),
(1481, 1481, 1, 1, 4885005),
(1482, 1482, 1, 1, 5778953),
(1483, 1483, 1, 1, 811659),
(1484, 1484, 1, 1, 3622532),
(1485, 1485, 1, 1, 138114),
(1486, 1486, 1, 1, 8859820),
(1487, 1487, 1, 1, 5232262),
(1488, 1488, 1, 1, 7161158),
(1489, 1489, 1, 1, 5903490),
(1490, 1490, 1, 1, 9367395),
(1491, 1491, 1, 1, 2444523),
(1492, 1492, 1, 1, 6968211),
(1493, 1493, 1, 1, 6668727),
(1494, 1494, 1, 1, 3916148),
(1495, 1495, 1, 1, 3550046),
(1496, 1496, 1, 1, 7901200),
(1497, 1497, 1, 1, 6190285),
(1498, 1498, 1, 1, 7430458),
(1499, 1499, 1, 1, 7186070),
(1500, 1500, 1, 1, 7500201),
(1501, 1501, 1, 1, 9820964),
(1502, 1502, 1, 1, 7730040),
(1503, 1503, 1, 1, 6548455),
(1504, 1504, 1, 1, 4122437),
(1505, 1505, 1, 1, 46840),
(1506, 1506, 1, 1, 3344740),
(1507, 1507, 1, 1, 2711449),
(1508, 1508, 1, 1, 5989499),
(1509, 1509, 1, 1, 4203703),
(1510, 1510, 1, 1, 9693305),
(1511, 1511, 1, 1, 7906642),
(1512, 1512, 1, 1, 1481985),
(1513, 1513, 1, 1, 6555913),
(1514, 1514, 1, 1, 1114200),
(1515, 1515, 1, 1, 4542669),
(1516, 1516, 1, 1, 8526087),
(1517, 1517, 1, 1, 445995),
(1518, 1518, 1, 1, 1402609),
(1519, 1519, 1, 1, 3178864),
(1520, 1520, 1, 1, 6238960),
(1521, 1521, 1, 1, 61166),
(1522, 1522, 1, 1, 3486235),
(1523, 1523, 1, 1, 5410181),
(1524, 1524, 1, 1, 5134425),
(1525, 1525, 1, 1, 5513395),
(1526, 1526, 1, 1, 9663553),
(1527, 1527, 1, 1, 5677376),
(1528, 1528, 1, 1, 3137859),
(1529, 1529, 1, 1, 9392483),
(1530, 1530, 1, 1, 7431661),
(1531, 1531, 1, 1, 9385575),
(1532, 1532, 1, 1, 3418871),
(1533, 1533, 1, 1, 7727036),
(1534, 1534, 1, 1, 2346934),
(1535, 1535, 1, 1, 3395954),
(1536, 1536, 1, 1, 6622640),
(1537, 1537, 1, 1, 3376086),
(1538, 1538, 1, 1, 8590137),
(1539, 1539, 1, 1, 8949467),
(1540, 1540, 1, 1, 4465556),
(1541, 1541, 1, 1, 5274541),
(1542, 1542, 1, 1, 9948737),
(1543, 1543, 1, 1, 6388141),
(1544, 1544, 1, 1, 3858048),
(1545, 1545, 1, 1, 2668489),
(1546, 1546, 1, 1, 8782613),
(1547, 1547, 1, 1, 5658617),
(1548, 1548, 1, 1, 727298),
(1549, 1549, 1, 1, 9501806),
(1550, 1550, 1, 1, 8205421),
(1551, 1551, 1, 1, 6514271),
(1552, 1552, 1, 1, 534749),
(1553, 1553, 1, 1, 453388),
(1554, 1554, 1, 1, 3192353),
(1555, 1555, 1, 1, 7576361),
(1556, 1556, 1, 1, 8118111),
(1557, 1557, 1, 1, 6774739),
(1558, 1558, 1, 1, 9616073),
(1559, 1559, 1, 1, 3971318),
(1560, 1560, 1, 1, 2934851),
(1561, 1561, 1, 1, 7040509),
(1562, 1562, 1, 1, 6316103),
(1563, 1563, 1, 1, 9130408),
(1564, 1564, 1, 1, 7043865),
(1565, 1565, 1, 1, 5199998),
(1566, 1566, 1, 1, 4222978),
(1567, 1567, 1, 1, 7519657),
(1568, 1568, 1, 1, 2234358),
(1569, 1569, 1, 1, 5905504),
(1570, 1570, 1, 1, 8286961),
(1571, 1571, 1, 1, 1562067),
(1572, 1572, 1, 1, 9595675),
(1573, 1573, 1, 1, 4993809),
(1574, 1574, 1, 1, 2502179),
(1575, 1575, 1, 1, 7820776),
(1576, 1576, 1, 1, 9519121),
(1577, 1577, 1, 1, 1209957),
(1578, 1578, 1, 1, 5670510),
(1579, 1579, 1, 1, 4630973),
(1580, 1580, 1, 1, 2632563),
(1581, 1581, 1, 1, 3787914),
(1582, 1582, 1, 1, 5715583),
(1583, 1583, 1, 1, 5800021),
(1584, 1584, 1, 1, 2490861),
(1585, 1585, 1, 1, 9340537),
(1586, 1586, 1, 1, 3335790),
(1587, 1587, 1, 1, 2739359),
(1588, 1588, 1, 1, 8979973),
(1589, 1589, 1, 1, 661714),
(1590, 1590, 1, 1, 1576177),
(1591, 1591, 1, 1, 448423),
(1592, 1592, 1, 1, 7339808),
(1593, 1593, 1, 1, 9506398),
(1594, 1594, 1, 1, 6502651),
(1595, 1595, 1, 1, 1139952),
(1596, 1596, 1, 1, 1470687),
(1597, 1597, 1, 1, 5189673),
(1598, 1598, 1, 1, 5577915),
(1599, 1599, 1, 1, 2977676),
(1600, 1600, 1, 1, 1760540),
(1601, 1601, 1, 1, 933856),
(1602, 1602, 1, 1, 4567069),
(1603, 1603, 1, 1, 391553),
(1604, 1604, 1, 1, 7054714),
(1605, 1605, 1, 1, 293045),
(1606, 1606, 1, 1, 841849),
(1607, 1607, 1, 1, 6742327),
(1608, 1608, 1, 1, 7587562),
(1609, 1609, 1, 1, 6697422),
(1610, 1610, 1, 1, 805968),
(1611, 1611, 1, 1, 9726351),
(1612, 1612, 1, 1, 704711),
(1613, 1613, 1, 1, 184978),
(1614, 1614, 1, 1, 1830044),
(1615, 1615, 1, 1, 4843238),
(1616, 1616, 1, 1, 4027208),
(1617, 1617, 1, 1, 6726255),
(1618, 1618, 1, 1, 4563133),
(1619, 1619, 1, 1, 2493051),
(1620, 1620, 1, 1, 1343494),
(1621, 1621, 1, 1, 7198071),
(1622, 1622, 1, 1, 9778866),
(1623, 1623, 1, 1, 9826392),
(1624, 1624, 1, 1, 4962409),
(1625, 1625, 1, 1, 5025082),
(1626, 1626, 1, 1, 5017755),
(1627, 1627, 1, 1, 9339867),
(1628, 1628, 1, 1, 4520217),
(1629, 1629, 1, 1, 3783439),
(1630, 1630, 1, 1, 203185),
(1631, 1631, 1, 1, 2391087),
(1632, 1632, 1, 1, 6306907),
(1633, 1633, 1, 1, 8648671),
(1634, 1634, 1, 1, 8137189),
(1635, 1635, 1, 1, 7301443),
(1636, 1636, 1, 1, 9061759),
(1637, 1637, 1, 1, 8470344),
(1638, 1638, 1, 1, 5323069),
(1639, 1639, 1, 1, 8521605),
(1640, 1640, 1, 1, 1885472),
(1641, 1641, 1, 1, 8468894),
(1642, 1642, 1, 1, 915469),
(1643, 1643, 1, 1, 5453772),
(1644, 1644, 1, 1, 7425898),
(1645, 1645, 1, 1, 7075468),
(1646, 1646, 1, 1, 6764517),
(1647, 1647, 1, 1, 6956393),
(1648, 1648, 1, 1, 8816671),
(1649, 1649, 1, 1, 4273465),
(1650, 1650, 1, 1, 9499157),
(1651, 1651, 1, 1, 301168),
(1652, 1652, 1, 1, 1982833),
(1653, 1653, 1, 1, 2950874),
(1654, 1654, 1, 1, 6385817),
(1655, 1655, 1, 1, 1408839),
(1656, 1656, 1, 1, 5874774),
(1657, 1657, 1, 1, 9235399),
(1658, 1658, 1, 1, 302087),
(1659, 1659, 1, 1, 6559356),
(1660, 1660, 1, 1, 1951609),
(1661, 1661, 1, 1, 2559734),
(1662, 1662, 1, 1, 5581061),
(1663, 1663, 1, 1, 4453698),
(1664, 1664, 1, 1, 807347),
(1665, 1665, 1, 1, 1292267),
(1666, 1666, 1, 1, 5710556),
(1667, 1667, 1, 1, 1498743),
(1668, 1668, 1, 1, 8218011),
(1669, 1669, 1, 1, 5168867),
(1670, 1670, 1, 1, 5912403),
(1671, 1671, 1, 1, 2493221),
(1672, 1672, 1, 1, 5085088),
(1673, 1673, 1, 1, 1474293),
(1674, 1674, 1, 1, 8480536),
(1675, 1675, 1, 1, 3511935),
(1676, 1676, 1, 1, 5760495),
(1677, 1677, 1, 1, 7947175),
(1678, 1678, 1, 1, 6422620),
(1679, 1679, 1, 1, 3717070),
(1680, 1680, 1, 1, 7060487),
(1681, 1681, 1, 1, 1720382),
(1682, 1682, 1, 1, 1428467),
(1683, 1683, 1, 1, 8069553),
(1684, 1684, 1, 1, 5910709),
(1685, 1685, 1, 1, 259015),
(1686, 1686, 1, 1, 5479520),
(1687, 1687, 1, 1, 3470061),
(1688, 1688, 1, 1, 7011856),
(1689, 1689, 1, 1, 7221110),
(1690, 1690, 1, 1, 1517182),
(1691, 1691, 1, 1, 6728426),
(1692, 1692, 1, 1, 3175174),
(1693, 1693, 1, 1, 3441581),
(1694, 1694, 1, 1, 7503788),
(1695, 1695, 1, 1, 3941812),
(1696, 1696, 1, 1, 49297),
(1697, 1697, 1, 1, 827763),
(1698, 1698, 1, 1, 9938551),
(1699, 1699, 1, 1, 7356203),
(1700, 1700, 1, 1, 3844682),
(1701, 1701, 1, 1, 4855363),
(1702, 1702, 1, 1, 7431803),
(1703, 1703, 1, 1, 7592347),
(1704, 1704, 1, 1, 5359173),
(1705, 1705, 1, 1, 9566475),
(1706, 1706, 1, 1, 2294378),
(1707, 1707, 1, 1, 6236475),
(1708, 1708, 1, 1, 6117981),
(1709, 1709, 1, 1, 7496731),
(1710, 1710, 1, 1, 8265014),
(1711, 1711, 1, 1, 6227735),
(1712, 1712, 1, 1, 2763645),
(1713, 1713, 1, 1, 5796535),
(1714, 1714, 1, 1, 5477134),
(1715, 1715, 1, 1, 5218432),
(1716, 1716, 1, 1, 3966299),
(1717, 1717, 1, 1, 8961727),
(1718, 1718, 1, 1, 9557421),
(1719, 1719, 1, 1, 139799),
(1720, 1720, 1, 1, 71828),
(1721, 1721, 1, 1, 8051916),
(1722, 1722, 1, 1, 352081),
(1723, 1723, 1, 1, 9575158),
(1724, 1724, 1, 1, 9465280),
(1725, 1725, 1, 1, 6050101),
(1726, 1726, 1, 1, 7192730),
(1727, 1727, 1, 1, 4223995),
(1728, 1728, 1, 1, 7199142),
(1729, 1729, 1, 1, 9105097),
(1730, 1730, 1, 1, 1842348),
(1731, 1731, 1, 1, 4734590),
(1732, 1732, 1, 1, 820885),
(1733, 1733, 1, 1, 3798681),
(1734, 1734, 1, 1, 7302743),
(1735, 1735, 1, 1, 489485),
(1736, 1736, 1, 1, 5531410),
(1737, 1737, 1, 1, 1292240),
(1738, 1738, 1, 1, 518526),
(1739, 1739, 1, 1, 2547235),
(1740, 1740, 1, 1, 5815831),
(1741, 1741, 1, 1, 233123),
(1742, 1742, 1, 1, 9678547),
(1743, 1743, 1, 1, 8875495),
(1744, 1744, 1, 1, 3510272),
(1745, 1745, 1, 1, 1638775),
(1746, 1746, 1, 1, 2294340),
(1747, 1747, 1, 1, 254678),
(1748, 1748, 1, 1, 2903122),
(1749, 1749, 1, 1, 627104),
(1750, 1750, 1, 1, 8526060),
(1751, 1751, 1, 1, 788006),
(1752, 1752, 1, 1, 1916476),
(1753, 1753, 1, 1, 1824471),
(1754, 1754, 1, 1, 5329966),
(1755, 1755, 1, 1, 7822973),
(1756, 1756, 1, 1, 4673232),
(1757, 1757, 1, 1, 7558024),
(1758, 1758, 1, 1, 917505),
(1759, 1759, 1, 1, 2270842),
(1760, 1760, 1, 1, 4827600),
(1761, 1761, 1, 1, 527040),
(1762, 1762, 1, 1, 5744546),
(1763, 1763, 1, 1, 1804950),
(1764, 1764, 1, 1, 921519),
(1765, 1765, 1, 1, 5548288),
(1766, 1766, 1, 1, 5790367),
(1767, 1767, 1, 1, 6225231),
(1768, 1768, 1, 1, 4726785),
(1769, 1769, 1, 1, 8183350),
(1770, 1770, 1, 1, 6239476),
(1771, 1771, 1, 1, 6395528),
(1772, 1772, 1, 1, 1042408),
(1773, 1773, 1, 1, 1581208),
(1774, 1774, 1, 1, 8845394),
(1775, 1775, 1, 1, 5591873),
(1776, 1776, 1, 1, 2739026),
(1777, 1777, 1, 1, 6707295),
(1778, 1778, 1, 1, 4234018),
(1779, 1779, 1, 1, 4844076),
(1780, 1780, 1, 1, 7976934),
(1781, 1781, 1, 1, 5280614),
(1782, 1782, 1, 1, 1195215),
(1783, 1783, 1, 1, 1909611),
(1784, 1784, 1, 1, 7471588),
(1785, 1785, 1, 1, 9203400),
(1786, 1786, 1, 1, 8614809),
(1787, 1787, 1, 1, 6887894),
(1788, 1788, 1, 1, 8440174),
(1789, 1789, 1, 1, 5043214),
(1790, 1790, 1, 1, 2115129),
(1791, 1791, 1, 1, 6164740),
(1792, 1792, 1, 1, 8435115),
(1793, 1793, 1, 1, 7215213),
(1794, 1794, 1, 1, 6700820),
(1795, 1795, 1, 1, 370873),
(1796, 1796, 1, 1, 6655167),
(1797, 1797, 1, 1, 8912783),
(1798, 1798, 1, 1, 8747622),
(1799, 1799, 1, 1, 1345039),
(1800, 1800, 1, 1, 2521986),
(1801, 1801, 1, 1, 5547549),
(1802, 1802, 1, 1, 5525331),
(1803, 1803, 1, 1, 7711406),
(1804, 1804, 1, 1, 1319854),
(1805, 1805, 1, 1, 1485230),
(1806, 1806, 1, 1, 8112195),
(1807, 1807, 1, 1, 8612564),
(1808, 1808, 1, 1, 4518484),
(1809, 1809, 1, 1, 7201648),
(1810, 1810, 1, 1, 4036489),
(1811, 1811, 1, 1, 383591),
(1812, 1812, 1, 1, 8033615),
(1813, 1813, 1, 1, 633615),
(1814, 1814, 1, 1, 9272042),
(1815, 1815, 1, 1, 1509287),
(1816, 1816, 1, 1, 5127347),
(1817, 1817, 1, 1, 3462316),
(1818, 1818, 1, 1, 5318004),
(1819, 1819, 1, 1, 7075815),
(1820, 1820, 1, 1, 1909968),
(1821, 1821, 1, 1, 342174),
(1822, 1822, 1, 1, 6009152),
(1823, 1823, 1, 1, 5109637),
(1824, 1824, 1, 1, 2477249),
(1825, 1825, 1, 1, 6676101),
(1826, 1826, 1, 1, 431552),
(1827, 1827, 1, 1, 3690764),
(1828, 1828, 1, 1, 7601983),
(1829, 1829, 1, 1, 8438411),
(1830, 1830, 1, 1, 2859404),
(1831, 1831, 1, 1, 9533992),
(1832, 1832, 1, 1, 5595789),
(1833, 1833, 1, 1, 5759569),
(1834, 1834, 1, 1, 7982440),
(1835, 1835, 1, 1, 5850921),
(1836, 1836, 1, 1, 6466978),
(1837, 1837, 1, 1, 512333),
(1838, 1838, 1, 1, 9859200),
(1839, 1839, 1, 1, 9737206),
(1840, 1840, 1, 1, 822538),
(1841, 1841, 1, 1, 6976755),
(1842, 1842, 1, 1, 6010108),
(1843, 1843, 1, 1, 7073629),
(1844, 1844, 1, 1, 3097064),
(1845, 1845, 1, 1, 3811872),
(1846, 1846, 1, 1, 3855212),
(1847, 1847, 1, 1, 5986216),
(1848, 1848, 1, 1, 4638720),
(1849, 1849, 1, 1, 5024831),
(1850, 1850, 1, 1, 5305013),
(1851, 1851, 1, 1, 8279765),
(1852, 1852, 1, 1, 5942094),
(1853, 1853, 1, 1, 7403569),
(1854, 1854, 1, 1, 6728806),
(1855, 1855, 1, 1, 1940802),
(1856, 1856, 1, 1, 8890068),
(1857, 1857, 1, 1, 1967068),
(1858, 1858, 1, 1, 5753475),
(1859, 1859, 1, 1, 6800099),
(1860, 1860, 1, 1, 9251581),
(1861, 1861, 1, 1, 7387584),
(1862, 1862, 1, 1, 3386698),
(1863, 1863, 1, 1, 9751561),
(1864, 1864, 1, 1, 6879448),
(1865, 1865, 1, 1, 4052157),
(1866, 1866, 1, 1, 9812037),
(1867, 1867, 1, 1, 5543394),
(1868, 1868, 1, 1, 6062150),
(1869, 1869, 1, 1, 8456082),
(1870, 1870, 1, 1, 4869404),
(1871, 1871, 1, 1, 4089145),
(1872, 1872, 1, 1, 1305780),
(1873, 1873, 1, 1, 8958929),
(1874, 1874, 1, 1, 9712899),
(1875, 1875, 1, 1, 5490308),
(1876, 1876, 1, 1, 4457086),
(1877, 1877, 1, 1, 5584069),
(1878, 1878, 1, 1, 4429055),
(1879, 1879, 1, 1, 9518851),
(1880, 1880, 1, 1, 7525847),
(1881, 1881, 1, 1, 8505574),
(1882, 1882, 1, 1, 7502004),
(1883, 1883, 1, 1, 7177174),
(1884, 1884, 1, 1, 1824536),
(1885, 1885, 1, 1, 2141740),
(1886, 1886, 1, 1, 6928139),
(1887, 1887, 1, 1, 8134599),
(1888, 1888, 1, 1, 8115538),
(1889, 1889, 1, 1, 4362378),
(1890, 1890, 1, 1, 9511319),
(1891, 1891, 1, 1, 9333703),
(1892, 1892, 1, 1, 4340930),
(1893, 1893, 1, 1, 3217391),
(1894, 1894, 1, 1, 4410715),
(1895, 1895, 1, 1, 6866375),
(1896, 1896, 1, 1, 7207090),
(1897, 1897, 1, 1, 6807080),
(1898, 1898, 1, 1, 9366885),
(1899, 1899, 1, 1, 5338680),
(1900, 1900, 1, 1, 1406192),
(1901, 1901, 1, 1, 5439972),
(1902, 1902, 1, 1, 3197692),
(1903, 1903, 1, 1, 6375201),
(1904, 1904, 1, 1, 5578895),
(1905, 1905, 1, 1, 9061886),
(1906, 1906, 1, 1, 6134202),
(1907, 1907, 1, 1, 657720),
(1908, 1908, 1, 1, 7257285),
(1909, 1909, 1, 1, 7090330),
(1910, 1910, 1, 1, 357702),
(1911, 1911, 1, 1, 5949689),
(1912, 1912, 1, 1, 9974437),
(1913, 1913, 1, 1, 2251208),
(1914, 1914, 1, 1, 6702495),
(1915, 1915, 1, 1, 6927138),
(1916, 1916, 1, 1, 4486672),
(1917, 1917, 1, 1, 4790218),
(1918, 1918, 1, 1, 9905157),
(1919, 1919, 1, 1, 1318245),
(1920, 1920, 1, 1, 2626912),
(1921, 1921, 1, 1, 8519202),
(1922, 1922, 1, 1, 4009441),
(1923, 1923, 1, 1, 848003),
(1924, 1924, 1, 1, 6692241),
(1925, 1925, 1, 1, 5558117),
(1926, 1926, 1, 1, 1577038),
(1927, 1927, 1, 1, 4790987),
(1928, 1928, 1, 1, 9466099),
(1929, 1929, 1, 1, 2346150),
(1930, 1930, 1, 1, 5207916),
(1931, 1931, 1, 1, 8554434),
(1932, 1932, 1, 1, 9985264),
(1933, 1933, 1, 1, 5520948),
(1934, 1934, 1, 1, 7539980),
(1935, 1935, 1, 1, 9645432),
(1936, 1936, 1, 1, 7984051),
(1937, 1937, 1, 1, 2602760),
(1938, 1938, 1, 1, 6376308);
INSERT INTO `prestazione` (`ID_PRESTAZIONE`, `ISCRIZIONE`, `TIPO_PRESTAZIONE`, `TIPO_MISURA`, `VALORE_MISURA`) VALUES
(1939, 1939, 1, 1, 8620198),
(1940, 1940, 1, 1, 5582953),
(1941, 1941, 1, 1, 9070730),
(1942, 1942, 1, 1, 4879221),
(1943, 1943, 1, 1, 3170029),
(1944, 1944, 1, 1, 8236152),
(1945, 1945, 1, 1, 381445),
(1946, 1946, 1, 1, 2873990),
(1947, 1947, 1, 1, 9367685),
(1948, 1948, 1, 1, 8212170),
(1949, 1949, 1, 1, 4755240),
(1950, 1950, 1, 1, 4220969),
(1951, 1951, 1, 1, 5279580),
(1952, 1952, 1, 1, 2954121),
(1953, 1953, 1, 1, 143643),
(1954, 1954, 1, 1, 6943477),
(1955, 1955, 1, 1, 8643303),
(1956, 1956, 1, 1, 7550859),
(1957, 1957, 1, 1, 6691756),
(1958, 1958, 1, 1, 7339758),
(1959, 1959, 1, 1, 2116635),
(1960, 1960, 1, 1, 5247516),
(1961, 1961, 1, 1, 4222232),
(1962, 1962, 1, 1, 6660867),
(1963, 1963, 1, 1, 6723374),
(1964, 1964, 1, 1, 2433758),
(1965, 1965, 1, 1, 2792920),
(1966, 1966, 1, 1, 9102353),
(1967, 1967, 1, 1, 6552900),
(1968, 1968, 1, 1, 4870292),
(1969, 1969, 1, 1, 3218121),
(1970, 1970, 1, 1, 2836103),
(1971, 1971, 1, 1, 5514583),
(1972, 1972, 1, 1, 48959),
(1973, 1973, 1, 1, 3593811),
(1974, 1974, 1, 1, 1599762),
(1975, 1975, 1, 1, 4741),
(1976, 1976, 1, 1, 6529002),
(1977, 1977, 1, 1, 7330060),
(1978, 1978, 1, 1, 2964622),
(1979, 1979, 1, 1, 9713043),
(1980, 1980, 1, 1, 4851870),
(1981, 1981, 1, 1, 7969267),
(1982, 1982, 1, 1, 818920),
(1983, 1983, 1, 1, 2476831),
(1984, 1984, 1, 1, 6209168),
(1985, 1985, 1, 1, 6156742),
(1986, 1986, 1, 1, 3831972),
(1987, 1987, 1, 1, 8086046),
(1988, 1988, 1, 1, 4423153),
(1989, 1989, 1, 1, 4530529),
(1990, 1990, 1, 1, 8705616),
(1991, 1991, 1, 1, 248014),
(1992, 1992, 1, 1, 3996417),
(1993, 1993, 1, 1, 7010264),
(1994, 1994, 1, 1, 6872928),
(1995, 1995, 1, 1, 5540551),
(1996, 1996, 1, 1, 1997190),
(1997, 1997, 1, 1, 9990277),
(1998, 1998, 1, 1, 5970204),
(1999, 1999, 1, 1, 3113438),
(2000, 2000, 1, 1, 4368925),
(2001, 2001, 1, 1, 4279990),
(2002, 2002, 1, 1, 2886705),
(2003, 2003, 1, 1, 9142484),
(2004, 2004, 1, 1, 7887645),
(2005, 2005, 1, 1, 8285103),
(2006, 2006, 1, 1, 3487693),
(2007, 2007, 1, 1, 5597033),
(2008, 2008, 1, 1, 7437734),
(2009, 2009, 1, 1, 4885906),
(2010, 2010, 1, 1, 5209797),
(2011, 2011, 1, 1, 3750900),
(2012, 2012, 1, 1, 4536682),
(2013, 2013, 1, 1, 6744495),
(2014, 2014, 1, 1, 2643741),
(2015, 2015, 1, 1, 9048377),
(2016, 2016, 1, 1, 7111513),
(2017, 2017, 1, 1, 7360503),
(2018, 2018, 1, 1, 2948029),
(2019, 2019, 1, 1, 5431077),
(2020, 2020, 1, 1, 2414408),
(2021, 2021, 1, 1, 8095399),
(2022, 2022, 1, 1, 7478145),
(2023, 2023, 1, 1, 4038035),
(2024, 2024, 1, 1, 4662318),
(2025, 2025, 1, 1, 4598272),
(2026, 2026, 1, 1, 8369378),
(2027, 2027, 1, 1, 3310611),
(2028, 2028, 1, 1, 6495087),
(2029, 2029, 1, 1, 9591404),
(2030, 2030, 1, 1, 3977382),
(2031, 2031, 1, 1, 4965414),
(2032, 2032, 1, 1, 8668913),
(2033, 2033, 1, 1, 2811855),
(2034, 2034, 1, 1, 5059110),
(2035, 2035, 1, 1, 3042553),
(2036, 2036, 1, 1, 5536712),
(2037, 2037, 1, 1, 3055631),
(2038, 2038, 1, 1, 4367748),
(2039, 2039, 1, 1, 1293214),
(2040, 2040, 1, 1, 4814224),
(2041, 2041, 1, 1, 1733935),
(2042, 2042, 1, 1, 5938826),
(2043, 2043, 1, 1, 7539676),
(2044, 2044, 1, 1, 8890476),
(2045, 2045, 1, 1, 2126378),
(2046, 2046, 1, 1, 6760680),
(2047, 2047, 1, 1, 2322517),
(2048, 2048, 1, 1, 1513468),
(2049, 2049, 1, 1, 3603902),
(2050, 2050, 1, 1, 2750946),
(2051, 2051, 1, 1, 3143917),
(2052, 2052, 1, 1, 8066714),
(2053, 2053, 1, 1, 5494588),
(2054, 2054, 1, 1, 3001812),
(2055, 2055, 1, 1, 4922596),
(2056, 2056, 1, 1, 9849552),
(2057, 2057, 1, 1, 978384),
(2058, 2058, 1, 1, 1110224),
(2059, 2059, 1, 1, 1895062),
(2060, 2060, 1, 1, 2783880),
(2061, 2061, 1, 1, 7422198),
(2062, 2062, 1, 1, 75324),
(2063, 2063, 1, 1, 6129498),
(2064, 2064, 1, 1, 8792265),
(2065, 2065, 1, 1, 5904685),
(2066, 2066, 1, 1, 7723828),
(2067, 2067, 1, 1, 3062741),
(2068, 2068, 1, 1, 3727112),
(2069, 2069, 1, 1, 9330438),
(2070, 2070, 1, 1, 2915158),
(2071, 2071, 1, 1, 5027461),
(2072, 2072, 1, 1, 9177865),
(2073, 2073, 1, 1, 5496207),
(2074, 2074, 1, 1, 8881575),
(2075, 2075, 1, 1, 9605784),
(2076, 2076, 1, 1, 6742967),
(2077, 2077, 1, 1, 8747134),
(2078, 2078, 1, 1, 8974649),
(2079, 2079, 1, 1, 827232),
(2080, 2080, 1, 1, 2425587),
(2081, 2081, 1, 1, 1448904),
(2082, 2082, 1, 1, 1817857),
(2083, 2083, 1, 1, 7723017),
(2084, 2084, 1, 1, 5696859),
(2085, 2085, 1, 1, 4402087),
(2086, 2086, 1, 1, 7406151),
(2087, 2087, 1, 1, 6555345),
(2088, 2088, 1, 1, 2467669),
(2089, 2089, 1, 1, 3537847),
(2090, 2090, 1, 1, 3046848),
(2091, 2091, 1, 1, 159539),
(2092, 2092, 1, 1, 3719794),
(2093, 2093, 1, 1, 8759582),
(2094, 2094, 1, 1, 8202201),
(2095, 2095, 1, 1, 268426),
(2096, 2096, 1, 1, 1869426),
(2097, 2097, 1, 1, 9632947),
(2098, 2098, 1, 1, 272527),
(2099, 2099, 1, 1, 6432569),
(2100, 2100, 1, 1, 5070940),
(2101, 2101, 1, 1, 1777098),
(2102, 2102, 1, 1, 9149799),
(2103, 2103, 1, 1, 8206585),
(2104, 2104, 1, 1, 5615960),
(2105, 2105, 1, 1, 7272910),
(2106, 2106, 1, 1, 6975099),
(2107, 2107, 1, 1, 5640899),
(2108, 2108, 1, 1, 2342611),
(2109, 2109, 1, 1, 2179270),
(2110, 2110, 1, 1, 949364),
(2111, 2111, 1, 1, 6799956),
(2112, 2112, 1, 1, 8542055),
(2113, 2113, 1, 1, 4336482),
(2114, 2114, 1, 1, 1275371),
(2115, 2115, 1, 1, 22033),
(2116, 2116, 1, 1, 6234215),
(2117, 2117, 1, 1, 5036179),
(2118, 2118, 1, 1, 3349914),
(2119, 2119, 1, 1, 2942446),
(2120, 2120, 1, 1, 4881825),
(2121, 2121, 1, 1, 8850043),
(2122, 2122, 1, 1, 3178641),
(2123, 2123, 1, 1, 9921072),
(2124, 2124, 1, 1, 7621738),
(2125, 2125, 1, 1, 6935022),
(2126, 2126, 1, 1, 7652056),
(2127, 2127, 1, 1, 4446767),
(2128, 2128, 1, 1, 914669),
(2129, 2129, 1, 1, 470620),
(2130, 2130, 1, 1, 6799669),
(2131, 2131, 1, 1, 3335394),
(2132, 2132, 1, 1, 4149320),
(2133, 2133, 1, 1, 2534229),
(2134, 2134, 1, 1, 3430332),
(2135, 2135, 1, 1, 5094795),
(2136, 2136, 1, 1, 4184113),
(2137, 2137, 1, 1, 8683373),
(2138, 2138, 1, 1, 6670287),
(2139, 2139, 1, 1, 5699220),
(2140, 2140, 1, 1, 6069494),
(2141, 2141, 1, 1, 8789090),
(2142, 2142, 1, 1, 9826482),
(2143, 2143, 1, 1, 1197335),
(2144, 2144, 1, 1, 5266080),
(2145, 2145, 1, 1, 5252627),
(2146, 2146, 1, 1, 9731216),
(2147, 2147, 1, 1, 8072089),
(2148, 2148, 1, 1, 8558634),
(2149, 2149, 1, 1, 5637950),
(2150, 2150, 1, 1, 4265204),
(2151, 2151, 1, 1, 9077346),
(2152, 2152, 1, 1, 563167),
(2153, 2153, 1, 1, 965504),
(2154, 2154, 1, 1, 7109648),
(2155, 2155, 1, 1, 4395347),
(2156, 2156, 1, 1, 234197),
(2157, 2157, 1, 1, 4438042),
(2158, 2158, 1, 1, 3943949),
(2159, 2159, 1, 1, 5390689),
(2160, 2160, 1, 1, 7101484),
(2161, 2161, 1, 1, 9207213),
(2162, 2162, 1, 1, 2284157),
(2163, 2163, 1, 1, 980672),
(2164, 2164, 1, 1, 100303),
(2165, 2165, 1, 1, 7940014),
(2166, 2166, 1, 1, 7948338),
(2167, 2167, 1, 1, 4698465),
(2168, 2168, 1, 1, 2806616),
(2169, 2169, 1, 1, 1407083),
(2170, 2170, 1, 1, 4738500),
(2171, 2171, 1, 1, 3894738),
(2172, 2172, 1, 1, 7648222),
(2173, 2173, 1, 1, 8090216),
(2174, 2174, 1, 1, 344746),
(2175, 2175, 1, 1, 1204999),
(2176, 2176, 1, 1, 8235282),
(2177, 2177, 1, 1, 1894370),
(2178, 2178, 1, 1, 705878),
(2179, 2179, 1, 1, 2404040),
(2180, 2180, 1, 1, 3338335),
(2181, 2181, 1, 1, 449806),
(2182, 2182, 1, 1, 7101618),
(2183, 2183, 1, 1, 4075538),
(2184, 2184, 1, 1, 8239231),
(2185, 2185, 1, 1, 2202926),
(2186, 2186, 1, 1, 5105206),
(2187, 2187, 1, 1, 9143976),
(2188, 2188, 1, 1, 9190122),
(2189, 2189, 1, 1, 6519740),
(2190, 2190, 1, 1, 2191090),
(2191, 2191, 1, 1, 8247723),
(2192, 2192, 1, 1, 4537969),
(2193, 2193, 1, 1, 7363781),
(2194, 2194, 1, 1, 1270969),
(2195, 2195, 1, 1, 176225),
(2196, 2196, 1, 1, 1706751),
(2197, 2197, 1, 1, 7760712),
(2198, 2198, 1, 1, 722467),
(2199, 2199, 1, 1, 5150900),
(2200, 2200, 1, 1, 2676845),
(2201, 2201, 1, 1, 9224702),
(2202, 2202, 1, 1, 7578211),
(2203, 2203, 1, 1, 598503),
(2204, 2204, 1, 1, 1860814),
(2205, 2205, 1, 1, 7597102),
(2206, 2206, 1, 1, 9459123),
(2207, 2207, 1, 1, 247322),
(2208, 2208, 1, 1, 9347085),
(2209, 2209, 1, 1, 4335791),
(2210, 2210, 1, 1, 2564239),
(2211, 2211, 1, 1, 3870741),
(2212, 2212, 1, 1, 9367797),
(2213, 2213, 1, 1, 193988),
(2214, 2214, 1, 1, 7570389),
(2215, 2215, 1, 1, 6809328),
(2216, 2216, 1, 1, 8544330),
(2217, 2217, 1, 1, 6440188),
(2218, 2218, 1, 1, 2648586),
(2219, 2219, 1, 1, 5521761),
(2220, 2220, 1, 1, 973821),
(2221, 2221, 1, 1, 7296302),
(2222, 2222, 1, 1, 2969986),
(2223, 2223, 1, 1, 7846530),
(2224, 2224, 1, 1, 7542224),
(2225, 2225, 1, 1, 6108937),
(2226, 2226, 1, 1, 9052803),
(2227, 2227, 1, 1, 4400505),
(2228, 2228, 1, 1, 4984229),
(2229, 2229, 1, 1, 6919176),
(2230, 2230, 1, 1, 2092569),
(2231, 2231, 1, 1, 597098),
(2232, 2232, 1, 1, 6157645),
(2233, 2233, 1, 1, 2559079),
(2234, 2234, 1, 1, 3021648),
(2235, 2235, 1, 1, 7135885),
(2236, 2236, 1, 1, 6759588),
(2237, 2237, 1, 1, 178547),
(2238, 2238, 1, 1, 3459945),
(2239, 2239, 1, 1, 497192),
(2240, 2240, 1, 1, 5284110),
(2241, 2241, 1, 1, 5194041),
(2242, 2242, 1, 1, 947224),
(2243, 2243, 1, 1, 3969310),
(2244, 2244, 1, 1, 2405648),
(2245, 2245, 1, 1, 5051090),
(2246, 2246, 1, 1, 7888526),
(2247, 2247, 1, 1, 4042602),
(2248, 2248, 1, 1, 3169941),
(2249, 2249, 1, 1, 4905366),
(2250, 2250, 1, 1, 3497634),
(2251, 2251, 1, 1, 6623960),
(2252, 2252, 1, 1, 383847),
(2253, 2253, 1, 1, 8352522),
(2254, 2254, 1, 1, 689581),
(2255, 2255, 1, 1, 2456665),
(2256, 2256, 1, 1, 417736),
(2257, 2257, 1, 1, 7674870),
(2258, 2258, 1, 1, 5351719),
(2259, 2259, 1, 1, 1374864),
(2260, 2260, 1, 1, 3268902),
(2261, 2261, 1, 1, 9723366),
(2262, 2262, 1, 1, 3713844),
(2263, 2263, 1, 1, 578523),
(2264, 2264, 1, 1, 7181726),
(2265, 2265, 1, 1, 5516269),
(2266, 2266, 1, 1, 4641435),
(2267, 2267, 1, 1, 2983844),
(2268, 2268, 1, 1, 4380056),
(2269, 2269, 1, 1, 3911215),
(2270, 2270, 1, 1, 7592049),
(2271, 2271, 1, 1, 7885775),
(2272, 2272, 1, 1, 8539560),
(2273, 2273, 1, 1, 2295352),
(2274, 2274, 1, 1, 3703434),
(2275, 2275, 1, 1, 7663395),
(2276, 2276, 1, 1, 6512555),
(2277, 2277, 1, 1, 138570),
(2278, 2278, 1, 1, 7022952),
(2279, 2279, 1, 1, 1065588),
(2280, 2280, 1, 1, 6515100),
(2281, 2281, 1, 1, 4467746),
(2282, 2282, 1, 1, 5241408),
(2283, 2283, 1, 1, 5733551),
(2284, 2284, 1, 1, 2495893),
(2285, 2285, 1, 1, 9845312),
(2286, 2286, 1, 1, 4460393),
(2287, 2287, 1, 1, 48344),
(2288, 2288, 1, 1, 9728772),
(2289, 2289, 1, 1, 9273360),
(2290, 2290, 1, 1, 500773),
(2291, 2291, 1, 1, 7135814),
(2292, 2292, 1, 1, 9805414),
(2293, 2293, 1, 1, 6594870),
(2294, 2294, 1, 1, 50976),
(2295, 2295, 1, 1, 1917863),
(2296, 2296, 1, 1, 4152048),
(2297, 2297, 1, 1, 5426547),
(2298, 2298, 1, 1, 8557230),
(2299, 2299, 1, 1, 5468195),
(2300, 2300, 1, 1, 3953814),
(2301, 2301, 1, 1, 4433147),
(2302, 2302, 1, 1, 8173922),
(2303, 2303, 1, 1, 9612278),
(2304, 2304, 1, 1, 942614),
(2305, 2305, 1, 1, 3841056),
(2306, 2306, 1, 1, 8320793),
(2307, 2307, 1, 1, 8705441),
(2308, 2308, 1, 1, 7889117),
(2309, 2309, 1, 1, 3489271),
(2310, 2310, 1, 1, 3434648),
(2311, 2311, 1, 1, 4829627),
(2312, 2312, 1, 1, 9836793),
(2313, 2313, 1, 1, 8428845),
(2314, 2314, 1, 1, 7356827),
(2315, 2315, 1, 1, 7268500),
(2316, 2316, 1, 1, 7125678),
(2317, 2317, 1, 1, 4107221),
(2318, 2318, 1, 1, 1463657),
(2319, 2319, 1, 1, 7052211),
(2320, 2320, 1, 1, 9075772),
(2321, 2321, 1, 1, 9511796),
(2322, 2322, 1, 1, 4125664),
(2323, 2323, 1, 1, 2607296),
(2324, 2324, 1, 1, 2834788),
(2325, 2325, 1, 1, 3297413),
(2326, 2326, 1, 1, 2372279),
(2327, 2327, 1, 1, 3103799),
(2328, 2328, 1, 1, 5342217),
(2329, 2329, 1, 1, 4885422),
(2330, 2330, 1, 1, 2742365),
(2331, 2331, 1, 1, 1960870),
(2332, 2332, 1, 1, 7621430),
(2333, 2333, 1, 1, 9797279),
(2334, 2334, 1, 1, 7216834),
(2335, 2335, 1, 1, 4153721),
(2336, 2336, 1, 1, 9683820),
(2337, 2337, 1, 1, 6073601),
(2338, 2338, 1, 1, 1858185),
(2339, 2339, 1, 1, 7458952),
(2340, 2340, 1, 1, 1213754),
(2341, 2341, 1, 1, 6529932),
(2342, 2342, 1, 1, 322793),
(2343, 2343, 1, 1, 9581933),
(2344, 2344, 1, 1, 7900343),
(2345, 2345, 1, 1, 9813421),
(2346, 2346, 1, 1, 1765300),
(2347, 2347, 1, 1, 229025),
(2348, 2348, 1, 1, 5791843),
(2349, 2349, 1, 1, 1749952),
(2350, 2350, 1, 1, 2820468),
(2351, 2351, 1, 1, 9619101),
(2352, 2352, 1, 1, 6370736),
(2353, 2353, 1, 1, 7309188),
(2354, 2354, 1, 1, 6326371),
(2355, 2355, 1, 1, 2672947),
(2356, 2356, 1, 1, 3182316),
(2357, 2357, 1, 1, 2665378),
(2358, 2358, 1, 1, 5243830),
(2359, 2359, 1, 1, 1175771),
(2360, 2360, 1, 1, 6796874),
(2361, 2361, 1, 1, 6294657),
(2362, 2362, 1, 1, 8830491),
(2363, 2363, 1, 1, 4577190),
(2364, 2364, 1, 1, 8645336),
(2365, 2365, 1, 1, 7824957),
(2366, 2366, 1, 1, 9543986),
(2367, 2367, 1, 1, 3774696),
(2368, 2368, 1, 1, 5840478),
(2369, 2369, 1, 1, 3442564),
(2370, 2370, 1, 1, 3377095),
(2371, 2371, 1, 1, 1220761),
(2372, 2372, 1, 1, 8480598),
(2373, 2373, 1, 1, 7059707),
(2374, 2374, 1, 1, 3368902),
(2375, 2375, 1, 1, 5000362),
(2376, 2376, 1, 1, 8129803),
(2377, 2377, 1, 1, 7160494),
(2378, 2378, 1, 1, 5889378),
(2379, 2379, 1, 1, 4144862),
(2380, 2380, 1, 1, 1178837),
(2381, 2381, 1, 1, 267871),
(2382, 2382, 1, 1, 1960916),
(2383, 2383, 1, 1, 7379804),
(2384, 2384, 1, 1, 3612618),
(2385, 2385, 1, 1, 3312183),
(2386, 2386, 1, 1, 1358797),
(2387, 2387, 1, 1, 7748359),
(2388, 2388, 1, 1, 4345443),
(2389, 2389, 1, 1, 8832319),
(2390, 2390, 1, 1, 5523618),
(2391, 2391, 1, 1, 1108743),
(2392, 2392, 1, 1, 2732081),
(2393, 2393, 1, 1, 8903282),
(2394, 2394, 1, 1, 6422216),
(2395, 2395, 1, 1, 7373123),
(2396, 2396, 1, 1, 2122722),
(2397, 2397, 1, 1, 5959452),
(2398, 2398, 1, 1, 2409645),
(2399, 2399, 1, 1, 9537136),
(2400, 2400, 1, 1, 5402041),
(2401, 2401, 1, 1, 1270668),
(2402, 2402, 1, 1, 8873252),
(2403, 2403, 1, 1, 7043291),
(2404, 2404, 1, 1, 337383),
(2405, 2405, 1, 1, 4728678),
(2406, 2406, 1, 1, 980969),
(2407, 2407, 1, 1, 6828178),
(2408, 2408, 1, 1, 2258346),
(2409, 2409, 1, 1, 2814358),
(2410, 2410, 1, 1, 8209385),
(2411, 2411, 1, 1, 7522530),
(2412, 2412, 1, 1, 9099809),
(2413, 2413, 1, 1, 5141532),
(2414, 2414, 1, 1, 5493231),
(2415, 2415, 1, 1, 9704838),
(2416, 2416, 1, 1, 9162712),
(2417, 2417, 1, 1, 3811086),
(2418, 2418, 1, 1, 3816405),
(2419, 2419, 1, 1, 7853354),
(2420, 2420, 1, 1, 5081664),
(2421, 2421, 1, 1, 3959476),
(2422, 2422, 1, 1, 3855679),
(2423, 2423, 1, 1, 7697968),
(2424, 2424, 1, 1, 8435719),
(2425, 2425, 1, 1, 8348609),
(2426, 2426, 1, 1, 9891745),
(2427, 2427, 1, 1, 6042556),
(2428, 2428, 1, 1, 8198419),
(2429, 2429, 1, 1, 3619474),
(2430, 2430, 1, 1, 7618288),
(2431, 2431, 1, 1, 8810080),
(2432, 2432, 1, 1, 2795496),
(2433, 2433, 1, 1, 919799),
(2434, 2434, 1, 1, 8708266),
(2435, 2435, 1, 1, 7056825),
(2436, 2436, 1, 1, 9923338),
(2437, 2437, 1, 1, 9016374),
(2438, 2438, 1, 1, 7037610),
(2439, 2439, 1, 1, 8816),
(2440, 2440, 1, 1, 478657),
(2441, 2441, 1, 1, 3715596),
(2442, 2442, 1, 1, 6320067),
(2443, 2443, 1, 1, 8792601),
(2444, 2444, 1, 1, 2959499),
(2445, 2445, 1, 1, 3441184),
(2446, 2446, 1, 1, 6572923),
(2447, 2447, 1, 1, 4464205),
(2448, 2448, 1, 1, 2520048),
(2449, 2449, 1, 1, 7155868),
(2450, 2450, 1, 1, 7311864),
(2451, 2451, 1, 1, 9184243),
(2452, 2452, 1, 1, 4496413),
(2453, 2453, 1, 1, 7464293),
(2454, 2454, 1, 1, 8664240),
(2455, 2455, 1, 1, 9943756),
(2456, 2456, 1, 1, 5667874),
(2457, 2457, 1, 1, 8697247),
(2458, 2458, 1, 1, 7693520),
(2459, 2459, 1, 1, 114558),
(2460, 2460, 1, 1, 7777799),
(2461, 2461, 1, 1, 7052693),
(2462, 2462, 1, 1, 6143743),
(2463, 2463, 1, 1, 5279440),
(2464, 2464, 1, 1, 6910760),
(2465, 2465, 1, 1, 7457020),
(2466, 2466, 1, 1, 7541272),
(2467, 2467, 1, 1, 6291767),
(2468, 2468, 1, 1, 9207074),
(2469, 2469, 1, 1, 9710282),
(2470, 2470, 1, 1, 6132197),
(2471, 2471, 1, 1, 4320648),
(2472, 2472, 1, 1, 8093320),
(2473, 2473, 1, 1, 4692100),
(2474, 2474, 1, 1, 7487225),
(2475, 2475, 1, 1, 9756956),
(2476, 2476, 1, 1, 717129),
(2477, 2477, 1, 1, 9930294),
(2478, 2478, 1, 1, 771921),
(2479, 2479, 1, 1, 9287167),
(2480, 2480, 1, 1, 1596778),
(2481, 2481, 1, 1, 2672184),
(2482, 2482, 1, 1, 5658684),
(2483, 2483, 1, 1, 3186091),
(2484, 2484, 1, 1, 9630953),
(2485, 2485, 1, 1, 7748931),
(2486, 2486, 1, 1, 2647857),
(2487, 2487, 1, 1, 7936235),
(2488, 2488, 1, 1, 561228),
(2489, 2489, 1, 1, 6986122),
(2490, 2490, 1, 1, 4168865),
(2491, 2491, 1, 1, 7650646),
(2492, 2492, 1, 1, 739657),
(2493, 2493, 1, 1, 6689249),
(2494, 2494, 1, 1, 5248326),
(2495, 2495, 1, 1, 1457763),
(2496, 2496, 1, 1, 9626071),
(2497, 2497, 1, 1, 9820585),
(2498, 2498, 1, 1, 6760567),
(2499, 2499, 1, 1, 3000914),
(2500, 2500, 1, 1, 7824476);

-- --------------------------------------------------------

--
-- Struttura della tabella `properties`
--

CREATE TABLE IF NOT EXISTS `properties` (
  `ID` int(11) unsigned NOT NULL AUTO_INCREMENT,
  `CHIAVE` varchar(255) NOT NULL,
  `VALORE` varchar(255) NOT NULL,
  PRIMARY KEY (`ID`)
) ENGINE=MyISAM  DEFAULT CHARSET=latin1 AUTO_INCREMENT=6 ;

--
-- Dump dei dati per la tabella `properties`
--

INSERT INTO `properties` (`ID`, `CHIAVE`, `VALORE`) VALUES
(1, 'CHIAVE_0', 'VALORE_0'),
(2, 'CHIAVE_1', 'VALORE_1'),
(3, 'CHIAVE_2', 'VALORE_2'),
(4, 'CHIAVE_3', 'VALORE_3'),
(5, 'CHIAVE_4', 'VALORE_4');

-- --------------------------------------------------------

--
-- Struttura della tabella `societa`
--

CREATE TABLE IF NOT EXISTS `societa` (
  `ID` int(11) unsigned NOT NULL AUTO_INCREMENT,
  `CODICE_FIDAL` varchar(5) NOT NULL DEFAULT '',
  `DENOMINAZIONE` varchar(255) NOT NULL,
  `TELEFONO_SEDE` varchar(50) DEFAULT '',
  `LOCALITA_SEDE` varchar(255) DEFAULT '',
  `FAX` varchar(50) DEFAULT '',
  `EMAIL` varchar(255) DEFAULT '',
  `SITO` varchar(255) DEFAULT '',
  PRIMARY KEY (`ID`)
) ENGINE=MyISAM  DEFAULT CHARSET=latin1 COMMENT='latin1_swedish_ci' AUTO_INCREMENT=28 ;

--
-- Dump dei dati per la tabella `societa`
--

INSERT INTO `societa` (`ID`, `CODICE_FIDAL`, `DENOMINAZIONE`, `TELEFONO_SEDE`, `LOCALITA_SEDE`, `FAX`, `EMAIL`, `SITO`) VALUES
(2, 'VC045', 'ATLETICA VALSESIA', '0163-200007', 'BORGOSESIA', '0163-26437', 'VC045@fidal.it', 'atleticavalsesia.altervista.org'),
(3, 'VC014', 'G.S.A. VALSESIA', '0163-200236', 'AGNONA', '0163-25257', 'VC014@fidal.it ', ''),
(4, 'NO037', 'G.S. FULGOR PRATO SESIA', '0163-851175', 'PRATO SESIA', '0163-851205', 'NO037@fidal.it', 'gsfulgor.altervista.org'),
(5, 'VC002', 'UNIONE GIOVANE BIELLA', '015-404862', 'BIELLA', '015-404862', 'VC002@fidal.it', ''),
(6, 'VC017', 'G.S. SPLENDOR COSSATO ', '015-980714 ', 'COSSATO ', '015-980714 ', 'VC017@fidal.it', ''),
(7, 'NO052', 'A.S.D. CIRCUITO RUNNING', '0322-96585', 'SAN MAURIZIO D''OPAGLIO', '0322-967506', 'NO052@fidal.it', 'www.circuitorunning.it'),
(8, 'NO054', 'ATLETICA PALZOLA', '339-3651056', 'GATTICO', '0000-00000', 'NO054@fidal.it', ''),
(9, 'VC028', 'GRUPPO AMICI CORSA PETTINENGO', '015-8445219', 'PETTINENGO', '015-8445219', 'VC028@fidal.it', ''),
(10, 'VC008', 'A.S.GAGLIANICO 1974', '015-541848', 'GAGLIANICO', '', '', ''),
(11, 'VC9', 'Cover Mapei', '', '', '', '', ''),
(12, 'VC10', 'Podistica Comense', '', '', '', '', ''),
(13, 'VC053', 'LA VETTA MONGRANDO', '', '', '', '', ''),
(14, 'VC12', 'Atletica Monterosa', '', '', '', '', ''),
(15, 'VC13', 'Pont Donnas', '', '', '', '', ''),
(16, 'VC020', 'G.S. ERMENEGILDO ZEGNA', '', '', '', '', ''),
(17, 'NO053', 'PODISTICA ARONA', '0322-538366', 'ARONA', '0322-538366', 'NO053@fidal.it', 'www.podisticaarona.it'),
(18, 'NO023', 'G.S. CASTELLANIA - GOZZANO', '0322-913018', 'GOZZANO', '0322-917886', 'NO023@fidal.it', ''),
(19, 'NO001', 'SOCIETA''ATLETICA BELLINZAGO', '0321-987643', 'BELLINZAGO NOVARESE', '0321-987643', 'NO001@fidal.it', 'www.atleticabellinzago.it'),
(20, 'VC18', 'ASD Caddese', '', '', '', '', ''),
(21, 'VC19', 'GS Genzianella', '', '', '', '', '');

-- --------------------------------------------------------

--
-- Struttura della tabella `tipo_misura`
--

CREATE TABLE IF NOT EXISTS `tipo_misura` (
  `ID_TIPO_MISURA` int(11) unsigned NOT NULL AUTO_INCREMENT,
  `DESCRIZIONE` varchar(255) NOT NULL,
  `UNITA_MISURA` varchar(255) NOT NULL,
  `MODALITA_COMPARAZIONE` int(11) unsigned NOT NULL,
  PRIMARY KEY (`ID_TIPO_MISURA`),
  UNIQUE KEY `ID_TIPO_MISURA` (`ID_TIPO_MISURA`),
  KEY `ID_TIPO_MISURA_2` (`ID_TIPO_MISURA`)
) ENGINE=MyISAM  DEFAULT CHARSET=latin1 AUTO_INCREMENT=6 ;

--
-- Dump dei dati per la tabella `tipo_misura`
--

INSERT INTO `tipo_misura` (`ID_TIPO_MISURA`, `DESCRIZIONE`, `UNITA_MISURA`, `MODALITA_COMPARAZIONE`) VALUES
(1, 'Tempo di percorrenza distanza', 'millisecondi', 0),
(2, 'Misura ottenuta nel lancio', 'metri', 1),
(3, 'Misura ottenuta nel salto', 'metri', 1),
(4, 'Ordine di arrivo', 'posizione', 0);

-- --------------------------------------------------------

--
-- Struttura della tabella `tipo_prestazione`
--

CREATE TABLE IF NOT EXISTS `tipo_prestazione` (
  `ID_TIPO_PRESTAZIONE` int(11) unsigned NOT NULL AUTO_INCREMENT,
  `DESCRIZIONE` varchar(255) NOT NULL,
  PRIMARY KEY (`ID_TIPO_PRESTAZIONE`),
  UNIQUE KEY `ID_TIPO_PRESTAZIONE` (`ID_TIPO_PRESTAZIONE`),
  KEY `ID_TIPO_PRESTAZIONE_2` (`ID_TIPO_PRESTAZIONE`)
) ENGINE=MyISAM  DEFAULT CHARSET=latin1 AUTO_INCREMENT=6 ;

--
-- Dump dei dati per la tabella `tipo_prestazione`
--

INSERT INTO `tipo_prestazione` (`ID_TIPO_PRESTAZIONE`, `DESCRIZIONE`) VALUES
(1, 'VALIDA'),
(2, 'RITIRO'),
(3, 'SQUALIFICA'),
(4, 'NON CLASSIFICATO'),
(5, 'NON PARTECIPATO');

-- --------------------------------------------------------

--
-- Struttura della tabella `user`
--

CREATE TABLE IF NOT EXISTS `user` (
  `ID_USER` int(11) unsigned NOT NULL AUTO_INCREMENT,
  `USERNAME` varchar(255) NOT NULL,
  `PASSWORD` varchar(255) NOT NULL,
  PRIMARY KEY (`ID_USER`,`USERNAME`,`PASSWORD`)
) ENGINE=MyISAM  DEFAULT CHARSET=latin1 AUTO_INCREMENT=2 ;

--
-- Dump dei dati per la tabella `user`
--

INSERT INTO `user` (`ID_USER`, `USERNAME`, `PASSWORD`) VALUES
(1, 'a', 'a');
